PubmedID,Title,Publication Date,Non-academic Author(s),Company Affiliation(s),Corresponding Author Email
39812069,An Integrative Computational Approach for the Identification of C-Abl Kinase Inhibitors from Anti-Parkinson Plant-Derived Bioactive.,2025/Jan/13,"Kumar, Neeraj; Bin Jardan, Yousef A; Bourhia, Mohammed","Department of Pharmaceutical Chemistry, Bhupal Nobles' College of Pharmacy, Udaipur, Rajasthan, India-313001.; Department of Pharmaceutics, College of Pharmacy, King Saud University, P.O. Box 11451, Riyadh, Saudi Arabia.; Department of Chemistry and Biochemistry, Faculty of Medicine and Pharmacy, Ibn Zohr University, Laayoune 70000, Morocco.",None
39812065,Foreign Contaminants Target Brain Health.,2025/Jan/13,"Agarwal, Uma; Pannu, Arzoo; Tonk, Rajiv Kumar","Department of Pharmaceutical Chemistry, Delhi Pharmaceutical Sciences & Research University, Delhi, India-110017.; Department of Pharmacology, Delhi Pharmaceutical Sciences & Research University, Delhi, India-110017.; Department of Pharmaceutical Chemistry, Delhi Pharmaceutical Sciences & Research University, Delhi, India-110017.",None
39812055,Effect of Fibrates on Lipoprotein-associated Phospholipase A2 Mass and Activity: A Systematic Review and Meta-analysis of Controlled Clinical Trials.,2025/Jan/13,"Jamialahmadi, Tannaz","Pharmaceutical Research Center, Pharmaceutical Technology Institute, Mashhad University of Medical Sciences, Mashhad, Iran.",None
39812054,Exploration of Novel Therapeutic Targets for Breast Carcinoma and Molecular Docking Studies of Anticancer Compound Libraries with Cyclin-dependent Kinase 4/6 (CDK4/6): A Comprehensive Study of Signalling Pathways for Drug Repurposing.,2025/Jan/13,"Najmi, Asim","Department of Pharmaceutical Chemistry, Faculty of Pharmacy, Jazan University, P.O. Box 114 (Postal Code: 45142), Jazan, Kingdom of Saudi Arabia.",None
39812048,Topical Application onto the Eyelid Skin: Is it a Feasible Delivery Route of Ophthalmic Drugs?,2025/Jan/13,"Grygor'yeva, Larysa; Carvalheiro, Manuela Colla; Simões, Sandra","Research Institute for Medicines (imed), Faculty of Pharmacy, Universidade de Lisboa, Avenida Professor Gama Pinto, 1649-003 Lisboa, Portugal.; Research Institute for Medicines (imed), Faculty of Pharmacy, Universidade de Lisboa, Avenida Professor Gama Pinto, 1649-003 Lisboa, Portugal.; Research Institute for Medicines (imed), Faculty of Pharmacy, Universidade de Lisboa, Avenida Professor Gama Pinto, 1649-003 Lisboa, Portugal.",None
39811884,Safety Assessment of Graphene-Based Materials.,2025/Jan/15,"Buerki-Thurnherr, Tina","Laboratory for Particles-Biology Interactions, Swiss Federal Laboratories for Materials Science and Technology (EMPA), St. Gallen, 9014, Switzerland.",None
39811865,"Precision medicine and patient outcomes in intensive care unit: Culture sensitivity, antibiotics, and APACHE score IV.",2024,"Zubair, Sidra; Jamil, Subia; Fatima, Sakina; Raees, Hira; Eraj, Asma; Nawab, Amber","Department of Pharmacology, Faculty of Pharmacy, Jinnah University for Women, Karachi, Sindh, Pakistan.; Department of Pharmacology, Faculty of Pharmacy, Jinnah University for Women, Karachi, Sindh, Pakistan.; Department of Pharmaceutics, Institute of Pharmaceutical Sciences, Jinnah Sindh Medical University, Karachi, Sindh, Pakistan.; Department of Pharmacology, Faculty of Pharmacy, Jinnah University for Women, Karachi, Sindh, Pakistan.; Department of Pharmacology, Faculty of Pharmacy, Jinnah University for Women, Karachi, Sindh, Pakistan.; Department of Pharmaceutics, Faculty of Pharmacy, Jinnah University for Women, Karachi, Pakistan.",None
39811821,Titanium nanostructure mitigating doxorubicin-induced testicular toxicity in rats via regulating major autophagy signaling pathways.,2025,"Abdel-Megeed, Rehab M; Abdel-Hamid, Abdel-Hamid Z; Kadry, Mai O","Therapeutic Chemistry Department, Pharmaceutical and Drug Industries Research Institute, National Research Centre, El Buhouth St., Dokki, Cairo 12622, Egypt.; Therapeutic Chemistry Department, Pharmaceutical and Drug Industries Research Institute, National Research Centre, El Buhouth St., Dokki, Cairo 12622, Egypt.; Therapeutic Chemistry Department, Pharmaceutical and Drug Industries Research Institute, National Research Centre, El Buhouth St., Dokki, Cairo 12622, Egypt.",None
39811819,Unveiling the toxicity of micro-nanoplastics: A systematic exploration of understanding environmental and health implications.,2025,"Khanna, Kushagra","Faculty of Pharmaceutical Sciences, UCSI University, Kuala Lumpur 56000, Malaysia.",None
39811818,"Modulation of copper-induced neurotoxicity by monoisoamyl 2,3-dimercaptosuccinic acid loaded nanoparticles through inhibition of mitophagy and reduction of oxidative stress in SH-SY5Y cells.",2025,"Mhaske, Akshada; Shukla, Rahul; Flora, S J S","Department of Pharmaceutics, National Institute of Pharmaceutical Education and Research (NIPER)-Raebareli, Lucknow, Uttar Pradesh 226002, India.; Department of Pharmaceutics, National Institute of Pharmaceutical Education and Research (NIPER)-Raebareli, Lucknow, Uttar Pradesh 226002, India.; Era College of Pharmacy, Era University, Sarfarajgung, Lucknow-Hardoi Road, Lucknow, Uttar Pradesh, India.",None
39811748,Climate change impacts and pandemics.,2025,"Srivastava, Shriyansh; Mehta, Rachana","Department of Pharmacology, Delhi Pharmaceutical Sciences and Research University (DPSRU), New Delhi, 273007, India.; Dr Lal PathLabs Nepal, Chandol, Kathmandu, 44600, Nepal.",None
39811577,Disparities in Clinical Outcomes Observed Within Electronic Health Record Data From a Statewide Cohort of Pulmonary Arterial Hypertension Patients.,2025,"Dalton, Rachel; Jiao, Tianze; Duarte, Julio D",Department of Pharmacotherapy and Translational Research University of Florida College of Pharmacy Gainesville Florida USA.; Department of Pharmaceutical Outcomes and Policy University of Florida College of Pharmacy Gainesville Florida USA.; Department of Pharmacotherapy and Translational Research University of Florida College of Pharmacy Gainesville Florida USA.,None
39811553,Unknown,2025,None,None,None
39811466,NIR-II photo-accelerated polymer nanoparticles boost tumor immunotherapy via PD-L1 silencing and immunogenic cell death.,2025,"Zhang, Tian; Tang, Dongsheng; Wu, Pengfei; Jiang, Shaoping; Zhang, Yuquan; Naeem, Abid; Li, Yong; Li, Chunhui; Hu, Bo; Guo, Shuai; Sun, Caixia; Xiao, Haihua; Yan, Ran; Weng, Yuhua; Huang, Yuanyu","School of Life Science, Advanced Research Institute of Multidisciplinary Science, Aerospace Center Hospital, Key Laboratory of Molecular Medicine and Biotherapy, Key Laboratory of Medical Molecule Science and Pharmaceutics Engineering, Beijing Institute of Technology, Beijing, 100081, China.; Beijing National Laboratory for Molecular Science Laboratory of Polymer Physics and Chemistry Institute of Chemistry Chinese Academy of Science Beijing 100190, China.; School of Life Science, Advanced Research Institute of Multidisciplinary Science, Aerospace Center Hospital, Key Laboratory of Molecular Medicine and Biotherapy, Key Laboratory of Medical Molecule Science and Pharmaceutics Engineering, Beijing Institute of Technology, Beijing, 100081, China.; School of Life Science, Advanced Research Institute of Multidisciplinary Science, Aerospace Center Hospital, Key Laboratory of Molecular Medicine and Biotherapy, Key Laboratory of Medical Molecule Science and Pharmaceutics Engineering, Beijing Institute of Technology, Beijing, 100081, China.; School of Life Science, Advanced Research Institute of Multidisciplinary Science, Aerospace Center Hospital, Key Laboratory of Molecular Medicine and Biotherapy, Key Laboratory of Medical Molecule Science and Pharmaceutics Engineering, Beijing Institute of Technology, Beijing, 100081, China.; School of Life Science, Advanced Research Institute of Multidisciplinary Science, Aerospace Center Hospital, Key Laboratory of Molecular Medicine and Biotherapy, Key Laboratory of Medical Molecule Science and Pharmaceutics Engineering, Beijing Institute of Technology, Beijing, 100081, China.; School of Life Science, Advanced Research Institute of Multidisciplinary Science, Aerospace Center Hospital, Key Laboratory of Molecular Medicine and Biotherapy, Key Laboratory of Medical Molecule Science and Pharmaceutics Engineering, Beijing Institute of Technology, Beijing, 100081, China.; School of Life Science, Advanced Research Institute of Multidisciplinary Science, Aerospace Center Hospital, Key Laboratory of Molecular Medicine and Biotherapy, Key Laboratory of Medical Molecule Science and Pharmaceutics Engineering, Beijing Institute of Technology, Beijing, 100081, China.; School of Life Science, Advanced Research Institute of Multidisciplinary Science, Aerospace Center Hospital, Key Laboratory of Molecular Medicine and Biotherapy, Key Laboratory of Medical Molecule Science and Pharmaceutics Engineering, Beijing Institute of Technology, Beijing, 100081, China.; School of Life Science, Advanced Research Institute of Multidisciplinary Science, Aerospace Center Hospital, Key Laboratory of Molecular Medicine and Biotherapy, Key Laboratory of Medical Molecule Science and Pharmaceutics Engineering, Beijing Institute of Technology, Beijing, 100081, China.; School of Chemistry, Chemical Engineering & Biotechnology, Nanyang Technological University, 637371, Singapore.; Beijing National Laboratory for Molecular Science Laboratory of Polymer Physics and Chemistry Institute of Chemistry Chinese Academy of Science Beijing 100190, China.; Key Laboratory of Biomedical Functional Materials, School of Science, China Pharmaceutical University, Nanjing, 211198, China.; School of Life Science, Advanced Research Institute of Multidisciplinary Science, Aerospace Center Hospital, Key Laboratory of Molecular Medicine and Biotherapy, Key Laboratory of Medical Molecule Science and Pharmaceutics Engineering, Beijing Institute of Technology, Beijing, 100081, China.; School of Life Science, Advanced Research Institute of Multidisciplinary Science, Aerospace Center Hospital, Key Laboratory of Molecular Medicine and Biotherapy, Key Laboratory of Medical Molecule Science and Pharmaceutics Engineering, Beijing Institute of Technology, Beijing, 100081, China.",None
39811464,MSAB limits osteoarthritis development and progression through inhibition of β-catenin-DDR2 signaling.,2025,"Wang, Yuhan; Lu, William W; Pan, Hong","Guangdong Key Laboratory of Nanomedicine, CAS-HK Joint Lab of Biomaterials, CAS Key Laboratory of Biomedical Imaging Science and System, Shenzhen Institute of Advanced Technology, Chinese Academy of Sciences, Shenzhen, 518055, China.; Faculty of Pharmaceutical Sciences, Shenzhen University of Advanced Technology, Shenzhen, 518055, China.; Guangdong Key Laboratory of Nanomedicine, CAS-HK Joint Lab of Biomaterials, CAS Key Laboratory of Biomedical Imaging Science and System, Shenzhen Institute of Advanced Technology, Chinese Academy of Sciences, Shenzhen, 518055, China.",None
39811411,"Retrospective claims data analysis of ASCT characteristics and costs for working-age, multiple myeloma patients in the US, 2017-2019.",2025,"Chi, Whanhui; Song, Juhyeon; Varisco, Tyler J","Department of Pharmaceutical Health Outcomes and Policy, University of Houston College of Pharmacy, United States.; Department of Pharmaceutical Health Outcomes and Policy, University of Houston College of Pharmacy, United States.; Department of Pharmaceutical Health Outcomes and Policy, University of Houston College of Pharmacy, United States.",None
39811336,Advanced tissue technologies of blood-brain barrier organoids as high throughput toxicity readouts in drug development.,2025/Jan/15,"Bell, Luisa; Simonneau, Claire; Zanini, Chiara; Kassianidou, Elena; Zundel, Christelle; Neff, Rachel; Steinhuber, Bernd; Tecilla, Marco; Odermatt, Alex; Villaseñor, Roberto; Stokar-Regenscheit, Nadine","Roche Pharma Research and Early Development (pRED), Roche Innovation Center Basel, F. Hoffmann-La Roche Ltd, Grenzacherstrasse 124, 4070, Basel, Switzerland.; Roche Pharma Research and Early Development (pRED), Roche Innovation Center Basel, F. Hoffmann-La Roche Ltd, Grenzacherstrasse 124, 4070, Basel, Switzerland.; Roche Pharma Research and Early Development (pRED), Roche Innovation Center Basel, F. Hoffmann-La Roche Ltd, Grenzacherstrasse 124, 4070, Basel, Switzerland.; Roche Pharma Research and Early Development (pRED), Roche Innovation Center Basel, F. Hoffmann-La Roche Ltd, Grenzacherstrasse 124, 4070, Basel, Switzerland.; Roche Pharma Research and Early Development (pRED), Roche Innovation Center Basel, F. Hoffmann-La Roche Ltd, Grenzacherstrasse 124, 4070, Basel, Switzerland.; Roche Pharma Research and Early Development (pRED), Roche Innovation Center Basel, F. Hoffmann-La Roche Ltd, Grenzacherstrasse 124, 4070, Basel, Switzerland.; Roche Pharma Research and Early Development (pRED), Roche Innovation Center Basel, F. Hoffmann-La Roche Ltd, Grenzacherstrasse 124, 4070, Basel, Switzerland.; Roche Pharma Research and Early Development (pRED), Roche Innovation Center Basel, F. Hoffmann-La Roche Ltd, Grenzacherstrasse 124, 4070, Basel, Switzerland.; Division of Molecular and Systems Toxicology, Department of Pharmaceutical Sciences, University of Basel, Klingelbergstrasse 50, 4056, Basel, Switzerland.; Roche Pharma Research and Early Development (pRED), Roche Innovation Center Basel, F. Hoffmann-La Roche Ltd, Grenzacherstrasse 124, 4070, Basel, Switzerland.; Roche Pharma Research and Early Development (pRED), Roche Innovation Center Basel, F. Hoffmann-La Roche Ltd, Grenzacherstrasse 124, 4070, Basel, Switzerland.",None
39811327,Pharmacogenomics predictors of aromatic antiepileptic drugs-induced SCARs in the Iraqi patients.,2025/Jan/15,"Ahmed, Ali Fadhel; Mohamed Noor, Dzul Azri; Athirah Daud, Nur Aizati","Discipline of Clinical Pharmacy, School of Pharmaceutical Sciences, Universiti Sains Malaysia, 11800, USM Pulau Pinang, Malaysia.; Discipline of Clinical Pharmacy, School of Pharmaceutical Sciences, Universiti Sains Malaysia, 11800, USM Pulau Pinang, Malaysia.; Discipline of Clinical Pharmacy, School of Pharmaceutical Sciences, Universiti Sains Malaysia, 11800, USM Pulau Pinang, Malaysia.",None
39811313,Complexed hyaluronic acid-based nanoparticles in cancer therapy and diagnosis: Research trends by natural language processing.,2025/Jan/15,"Umar, Abd Kakhar; Limpikirati, Patanachai K; Rivai, Bachtiar; Sriwidodo, Sriwidodo; Luckanagul, Jittima Amie","Pharmaceutical Sciences and Technology Program, Faculty of Pharmaceutical Sciences, Chulalongkorn University, Bangkok, 10330, Thailand.; Pharmaceutical Sciences and Technology Program, Faculty of Pharmaceutical Sciences, Chulalongkorn University, Bangkok, 10330, Thailand.; Pharmaceutical Sciences and Technology Program, Faculty of Pharmaceutical Sciences, Chulalongkorn University, Bangkok, 10330, Thailand.; Department of Pharmaceutics and Pharmaceutical Technology, Faculty of Pharmacy, Universitas Padjadjaran, Sumedang, 45363, Indonesia.; Pharmaceutical Sciences and Technology Program, Faculty of Pharmaceutical Sciences, Chulalongkorn University, Bangkok, 10330, Thailand.",None
39811307,Inducing apoptosis in acute myeloid leukemia; mechanisms and limitations.,2025/Jan/15,"Koolivand, Zahra","Faculty of Pharmacy and Pharmaceutical Sciences, Islamic Azad University, Tehran Medical Sciences University (IAUTMU), Tehran, Iran.",None
39811294,"Synthesis, characterization and biological profile of some new dihydropyrimidinone derivaties.",2025/Jan/15,"Kanwal, Madiha; Nadeem, Humaira; Malik, Sumra; Maqsood, Saima","Department of Pharmaceutical Chemistry, Riphah Institute of Pharmaceutical Sciences, Riphah International University, Islamabad, Pakistan, 44000.; Department of Pharmaceutical Chemistry, Riphah Institute of Pharmaceutical Sciences, Riphah International University, Islamabad, Pakistan, 44000.; Department of Pharmaceutical Chemistry, Riphah Institute of Pharmaceutical Sciences, Riphah International University, Islamabad, Pakistan, 44000.; Department of Pharmaceutical Chemistry, Riphah Institute of Pharmaceutical Sciences, Riphah International University, Islamabad, Pakistan, 44000.",None
39811193,Assessment of Reproductive Endocrinology and Infertility Fellowship Programs Website.,2024,None,None,None
39811140,Expanding the Chemical Space of Reverse Fosmidomycin Analogs.,2025/Jan/09,"Knak, Talea; Takada, Sana; Krisilia, Violetta; Lungerich, Beate; Sakamoto, Yasumitsu; Höfmann, Stefan; Kalscheuer, Rainer; Tanaka, Nobutada; Kurz, Thomas","Institute of Pharmaceutical and Medicinal Chemistry, Faculty of Mathematics and Natural Sciences, Heinrich Heine University Düsseldorf, Universitätsstr. 1, 40225 Düsseldorf, Germany.; School of Pharmacy, Kitasato University, Minato-ku, Tokyo 108-8641, Japan.; Institute of Pharmaceutical Biology and Biotechnology, Faculty of Mathematics and Natural Sciences, Heinrich Heine University Düsseldorf, Universitätsstr. 1, 40225 Düsseldorf, Germany.; Institute of Pharmaceutical and Medicinal Chemistry, Faculty of Mathematics and Natural Sciences, Heinrich Heine University Düsseldorf, Universitätsstr. 1, 40225 Düsseldorf, Germany.; School of Pharmacy, Iwate Medical University, Yahaba, Iwate 028-3694, Japan.; Institute of Pharmaceutical and Medicinal Chemistry, Faculty of Mathematics and Natural Sciences, Heinrich Heine University Düsseldorf, Universitätsstr. 1, 40225 Düsseldorf, Germany.; Institute of Pharmaceutical Biology and Biotechnology, Faculty of Mathematics and Natural Sciences, Heinrich Heine University Düsseldorf, Universitätsstr. 1, 40225 Düsseldorf, Germany.; School of Pharmacy, Kitasato University, Minato-ku, Tokyo 108-8641, Japan.; Institute of Pharmaceutical and Medicinal Chemistry, Faculty of Mathematics and Natural Sciences, Heinrich Heine University Düsseldorf, Universitätsstr. 1, 40225 Düsseldorf, Germany.",None
39811136,N-Arylsulfonylated C-Homoaporphines as a New Class of Antiplatelet and Antimicrobial Agents.,2025/Jan/09,"Shyamlal, Bharti Rajesh Kumar; Mahajan, Amol T; Kumar, Vikash; Gupta, Aarohi; Sen, Janmejaya; Chaudhary, Sandeep","Laboratory of Organic and Medicinal Chemistry, Department of Chemistry, Malaviya National Institute of Technology, Jawaharlal Nehru Marg, Jaipur 302017, India.; Laboratory of Bioactive Heterocycles and Catalysis (BHC lab), Department of Medicinal Chemistry, National Institute of Pharmaceutical Education and Research-Raebareli (Transit Campus), Bijnor-Sisendi Road, Near CRPF Base Camp, Sarojini Nagar, Lucknow 226002, India.; Laboratory of Organic and Medicinal Chemistry, Department of Chemistry, Malaviya National Institute of Technology, Jawaharlal Nehru Marg, Jaipur 302017, India.; Laboratory of Organic and Medicinal Chemistry, Department of Chemistry, Malaviya National Institute of Technology, Jawaharlal Nehru Marg, Jaipur 302017, India.; Laboratory of Bioactive Heterocycles and Catalysis (BHC lab), Department of Medicinal Chemistry, National Institute of Pharmaceutical Education and Research-Raebareli (Transit Campus), Bijnor-Sisendi Road, Near CRPF Base Camp, Sarojini Nagar, Lucknow 226002, India.; Laboratory of Organic and Medicinal Chemistry, Department of Chemistry, Malaviya National Institute of Technology, Jawaharlal Nehru Marg, Jaipur 302017, India.",None
39811133,Ligand Design with Accelerated Disulfide Formation with Serum Albumin to Extend Blood Retention.,2025/Jan/09,"Tsuchiya, Yuichi; Hirota, Takeshi; Ieiri, Ichiro","Department of Pharmacy, Kyushu University Hospital, 3-1-1 Maidashi, Higashi-ku, Fukuoka 812-8582, Japan.; Faculty of Pharmaceutical Sciences Graduate School of Pharmaceutical Sciences, Kyushu university, 3-1-1 Maidashi, Higashi-ku, Fukuoka 812-8582, Japan.; Faculty of Pharmaceutical Sciences Graduate School of Pharmaceutical Sciences, Kyushu university, 3-1-1 Maidashi, Higashi-ku, Fukuoka 812-8582, Japan.",None
39811132,Optimizing Linezolid: Transforming It into a Selective MAO-B Inhibitor via a Toxicity-to-Activity Optimization Approach.,2025/Jan/09,"Dhangar, Mayur S; Ahmad, Iqrar; Oh, Jong Min; Patil, Bhatu R; Sriram, Dharmarajan; Kumari, Jyothi; Mathew, Bijo; Sayyed, Rais A; Chaudhari, Shubham B; Ansari, Siddique Akber; Kim, Hoon; Patel, Harun M","Department of Pharmaceutical Chemistry, R. C. Patel Institute of Pharmaceutical Education and Research, Shirpur, Maharashtra 425405, India.; Department of Pharmaceutical Chemistry, R. C. Patel Institute of Pharmaceutical Education and Research, Shirpur, Maharashtra 425405, India.; Department of Pharmacy, and Research Institute of Life Pharmaceutical Sciences, Sunchon National University, Suncheon 57922, Republic of Korea.; Department of Pharmaceutical Chemistry, R. C. Patel Institute of Pharmaceutical Education and Research, Shirpur, Maharashtra 425405, India.; Department of Pharmacy, Birla Institute of Technology and Science-Pilani, Hyderabad Campus, Jawahar Nagar, Shameerpet Mandal, R. R. District, Hyderabad, Telagana 500078, India.; Department of Pharmacy, Birla Institute of Technology and Science-Pilani, Hyderabad Campus, Jawahar Nagar, Shameerpet Mandal, R. R. District, Hyderabad, Telagana 500078, India.; Department of Pharmaceutical Chemistry, Amrita School of Pharmacy, Amrita Vishwa Vidyapeetham, Kochi 690525, India.; Department of Pharmaceutical Chemistry, R. C. Patel Institute of Pharmaceutical Education and Research, Shirpur, Maharashtra 425405, India.; Department of Pharmaceutical Technology and Process Chemistry, National Institute of Pharmaceutical Education and Research (NIPER), SAS Nagar, Mohali, Punjab 160002, India.; Department of Pharmaceutical Chemistry, College of Pharmacy, King Saud University, Riyadh 11451, Saudi Arabia.; Department of Pharmacy, and Research Institute of Life Pharmaceutical Sciences, Sunchon National University, Suncheon 57922, Republic of Korea.; Department of Pharmaceutical Chemistry, R. C. Patel Institute of Pharmaceutical Education and Research, Shirpur, Maharashtra 425405, India.",None
39811127,Synthesis and Biological Evaluation of 5'-Deoxy-adenosine Derivatives as A,2025/Jan/09,"Kim, Minjae; Naik, Siddhi D; Choi, Hongseok; Kim, Seung Woo; Park, Jung Hoon; Joung, Misuk; Song, Jiyoon; Gaikwad, Vidyasagar B; Kim, Meehyein; Jeong, Lak Shin","Research Institute of Pharmaceutical Sciences, College of Pharmacy, Seoul National University, Seoul 08826, Korea.; Research Institute of Pharmaceutical Sciences, College of Pharmacy, Seoul National University, Seoul 08826, Korea.; Research Institute of Pharmaceutical Sciences, College of Pharmacy, Seoul National University, Seoul 08826, Korea.; Research Institute of Pharmaceutical Sciences, College of Pharmacy, Seoul National University, Seoul 08826, Korea.; Research Institute of Pharmaceutical Sciences, College of Pharmacy, Seoul National University, Seoul 08826, Korea.; Research Institute of Pharmaceutical Sciences, College of Pharmacy, Seoul National University, Seoul 08826, Korea.; Research Institute of Pharmaceutical Sciences, College of Pharmacy, Seoul National University, Seoul 08826, Korea.; Research Institute of Pharmaceutical Sciences, College of Pharmacy, Seoul National University, Seoul 08826, Korea.; Infectious Diseases Therapeutic Research Center, Korea Research Institute of Chemical Technology (KRICT), Daejeon 34114, Korea.; Research Institute of Pharmaceutical Sciences, College of Pharmacy, Seoul National University, Seoul 08826, Korea.",None
39811123,Discovery of a Phosphodiesterase 7A Inhibitor of High Isozyme Selectivity Exhibiting ,2025/Jan/09,"Kondo, Kentaro; Otake, Kazuki; Kaya, Tetsudo; Miwa, Shohei; Ueyama, Yoshifumi; Haruta, Tsunemitsu; Nishihata, Jun; Nakagawa, Takashi; Azuma, Nobuhide; Takagi, Kayoko; Urashima, Toshiki; Kitao, Yuki; Shiozaki, Makoto","Chemical Research Laboratories, i2i-Labo, Biological Pharmacological Research Laboratories, and Drug Metabolism & Pharma-cokinetics Research Laboratories, Central Pharmaceutical Research Institute, Japan Tobacco, Inc., 1-1, Murasaki-cho, Takatsuki, Osaka 569-1125, Japan.; Chemical Research Laboratories, i2i-Labo, Biological Pharmacological Research Laboratories, and Drug Metabolism & Pharma-cokinetics Research Laboratories, Central Pharmaceutical Research Institute, Japan Tobacco, Inc., 1-1, Murasaki-cho, Takatsuki, Osaka 569-1125, Japan.; Chemical Research Laboratories, i2i-Labo, Biological Pharmacological Research Laboratories, and Drug Metabolism & Pharma-cokinetics Research Laboratories, Central Pharmaceutical Research Institute, Japan Tobacco, Inc., 1-1, Murasaki-cho, Takatsuki, Osaka 569-1125, Japan.; Chemical Research Laboratories, i2i-Labo, Biological Pharmacological Research Laboratories, and Drug Metabolism & Pharma-cokinetics Research Laboratories, Central Pharmaceutical Research Institute, Japan Tobacco, Inc., 1-1, Murasaki-cho, Takatsuki, Osaka 569-1125, Japan.; Chemical Research Laboratories, i2i-Labo, Biological Pharmacological Research Laboratories, and Drug Metabolism & Pharma-cokinetics Research Laboratories, Central Pharmaceutical Research Institute, Japan Tobacco, Inc., 1-1, Murasaki-cho, Takatsuki, Osaka 569-1125, Japan.; Chemical Research Laboratories, i2i-Labo, Biological Pharmacological Research Laboratories, and Drug Metabolism & Pharma-cokinetics Research Laboratories, Central Pharmaceutical Research Institute, Japan Tobacco, Inc., 1-1, Murasaki-cho, Takatsuki, Osaka 569-1125, Japan.; i2i-Labo, Central Pharmaceutical Research Institute, Japan Tobacco, Inc., 1-13-2, Fukuura, Kanazawa-ku, Yokohama Kanagawa 236-0004, Japan.; Chemical Research Laboratories, i2i-Labo, Biological Pharmacological Research Laboratories, and Drug Metabolism & Pharma-cokinetics Research Laboratories, Central Pharmaceutical Research Institute, Japan Tobacco, Inc., 1-1, Murasaki-cho, Takatsuki, Osaka 569-1125, Japan.; Chemical Research Laboratories, i2i-Labo, Biological Pharmacological Research Laboratories, and Drug Metabolism & Pharma-cokinetics Research Laboratories, Central Pharmaceutical Research Institute, Japan Tobacco, Inc., 1-1, Murasaki-cho, Takatsuki, Osaka 569-1125, Japan.; Chemical Research Laboratories, i2i-Labo, Biological Pharmacological Research Laboratories, and Drug Metabolism & Pharma-cokinetics Research Laboratories, Central Pharmaceutical Research Institute, Japan Tobacco, Inc., 1-1, Murasaki-cho, Takatsuki, Osaka 569-1125, Japan.; Chemical Research Laboratories, i2i-Labo, Biological Pharmacological Research Laboratories, and Drug Metabolism & Pharma-cokinetics Research Laboratories, Central Pharmaceutical Research Institute, Japan Tobacco, Inc., 1-1, Murasaki-cho, Takatsuki, Osaka 569-1125, Japan.; Chemical Research Laboratories, i2i-Labo, Biological Pharmacological Research Laboratories, and Drug Metabolism & Pharma-cokinetics Research Laboratories, Central Pharmaceutical Research Institute, Japan Tobacco, Inc., 1-1, Murasaki-cho, Takatsuki, Osaka 569-1125, Japan.; Chemical Research Laboratories, i2i-Labo, Biological Pharmacological Research Laboratories, and Drug Metabolism & Pharma-cokinetics Research Laboratories, Central Pharmaceutical Research Institute, Japan Tobacco, Inc., 1-1, Murasaki-cho, Takatsuki, Osaka 569-1125, Japan.",None
39811113,"Advances in Psychoactive Alkaloid Delivery, Ergoline Analogues, and Serotonin Receptor Modulation for Enhanced Therapeutic Outcomes.",2025/Jan/09,None,None,None
39811069,The role of GATA4 in mesenchymal stem cell senescence: A new frontier in regenerative medicine.,2025,"Babu, M Arockia; Jyothi S, Renuka; Kaur, Irwanjot; Kumar, Sachin; Sharma, Naveen; Gupta, Gaurav","Institute of Pharmaceutical Research, GLA University, Mathura, UP, India.; Department of Biotechnology and Genetics, Jain (Deemed-to-be) University, Bengaluru, Karnataka, 560069, India.; Department of Allied Healthcare and Sciences, Vivekananda Global University, Jaipur, Rajasthan, 303012, India.; NIMS Institute of Pharmacy, NIMS University Rajasthan, Jaipur, India.; Chandigarh Pharmacy College, Chandigarh Group of College, Jhanjeri, Mohali, 140307, Punjab, India.; Centre for Research Impact & Outcome, Chitkara College of Pharmacy, Chitkara University, Rajpura, Punjab, 140401, India.",None
39811013,A comparison between 64-projection and 32-projection myocardial perfusion scintigraphy.,2025,"Hosseinimehr, Seyed Jalal","Department of Radiopharmacy, Faculty of Pharmacy, Pharmaceutical Sciences Research Center, Mazandaran University of Medical Sciences, Sari, Iran.",None
39811006,Photocatalytic [3 + 2]-annulation ,2025/Jan/13,"Qin, Hao-Ni; Jiang, Hao-Wen; Zhao, Yi; Qurban, Saira; Wang, Ke-Chun; Xu, Peng-Fei","State Key Laboratory of Applied Organic Chemistry, College of Chemistry and Chemical Engineering, Lanzhou University Lanzhou 730000 Gansu China xupf@lzu.edu.cn.; State Key Laboratory of Applied Organic Chemistry, College of Chemistry and Chemical Engineering, Lanzhou University Lanzhou 730000 Gansu China xupf@lzu.edu.cn.; Tecon Pharmaceutical Co., Ltd No. 109, Jintun Road Urumqi City 830023 Xinjiang China.; State Key Laboratory of Applied Organic Chemistry, College of Chemistry and Chemical Engineering, Lanzhou University Lanzhou 730000 Gansu China xupf@lzu.edu.cn.; State Key Laboratory of Applied Organic Chemistry, College of Chemistry and Chemical Engineering, Lanzhou University Lanzhou 730000 Gansu China xupf@lzu.edu.cn.; State Key Laboratory of Applied Organic Chemistry, College of Chemistry and Chemical Engineering, Lanzhou University Lanzhou 730000 Gansu China xupf@lzu.edu.cn.",xupf@lzu.edu.cn.
39810989,"Occurrence, mortality, and economic burden of brain disorders in Denmark, 2015-2021: a population-based cohort study.",2025,None,None,None
39810918,Risk Factors and Patterns of Drug-Drug Interactions in Two Categories of Level-3 Hospitals in Dhaka: A Cross-Sectional Study.,2025,"Samadd, Md Abdus; Patwary, Farhan Tanvir; Sikdar, K M Yasif Kayes; Sarkar, Md Raihan",Department of Pharmacy University of Dhaka Dhaka Bangladesh.; Department of Pharmacy University of Asia Pacific Dhaka Bangladesh.; Department of Pharmaceutical Technology University of Dhaka Dhaka Bangladesh.; Department of Pharmaceutical Technology University of Dhaka Dhaka Bangladesh.,None
39810881,Efficacy of Probiotic Supplements and Topical Applications in the Treatment of Acne: A Scoping Review of Current Results.,2025,"Sutema, Ida Ayu Manik Partha; Latarissa, Irma Rahayu; Widowati, I Gusti Ayu Rai; Sartika, Cynthia Retna; Lestari, Keri","Department of Pharmacology and Clinical Pharmacy, Faculty of Pharmacy, Universitas Padjadjaran, Sumedang, Indonesia.; Department of Pharmacology and Clinical Pharmacy, Faculty of Pharmacy, Universitas Padjadjaran, Sumedang, Indonesia.; Clinical Pharmacy Study Program, Faculty of Health Sciences, Bali International University, Denpasar, Indonesia.; Department of Pharmacology and Clinical Pharmacy, Faculty of Pharmacy, Universitas Padjadjaran, Sumedang, Indonesia.; Department of Pharmacology and Clinical Pharmacy, Faculty of Pharmacy, Universitas Padjadjaran, Sumedang, Indonesia.",None
39810842,"Conducting clinical trials with self-collection of pharmacokinetic samples: Experience from an exploratory, phase 1, open-label trial of centanafadine SR in healthy individuals.",2025,"Shoaf, Susan E; Chung, Chris","Otsuka Pharmaceutical Development & Commercialization, Inc., 508 Carnegie Center Dr, Princeton, NJ, 08540, USA.; Otsuka Pharmaceutical Development & Commercialization, Inc., 508 Carnegie Center Dr, Princeton, NJ, 08540, USA.",None
39810815,Tolvaptan and Autosomal Dominant Polycystic Kidney Disease Progression in Individuals Aged 18-35 Years: A Pooled Database Analysis.,2025,"Nunna, Sasikiran; Oberdhan, Dorothee; Fernandes, Ancilla W","Otsuka Pharmaceutical Development & Commercialization, Inc, Rockville, MD.; Otsuka Pharmaceutical Development & Commercialization, Inc, Rockville, MD.; Otsuka Pharmaceutical Development & Commercialization, Inc, Rockville, MD.",None
39810711,Quantitative approaches for studying G protein-coupled receptor signalling and pharmacology.,2025/Jan/01,"Pearce, Abigail; Redfern-Nichols, Theo; Wills, Edward; Rosa, Matthew; Manulak, Iga; Sisk, Claudia; Huang, Xianglin; Atakpa-Adaji, Peace; Prole, David L; Ladds, Graham","Department of Pharmacology, University of Cambridge, Tennis Court Road, Cambridge, CB2 1PD, UK.; Department of Pharmacology, University of Cambridge, Tennis Court Road, Cambridge, CB2 1PD, UK.; Department of Pharmacology, University of Cambridge, Tennis Court Road, Cambridge, CB2 1PD, UK.; Department of Pharmacology, University of Cambridge, Tennis Court Road, Cambridge, CB2 1PD, UK.; Department of Pharmacology, University of Cambridge, Tennis Court Road, Cambridge, CB2 1PD, UK.; Department of Pharmacology, University of Cambridge, Tennis Court Road, Cambridge, CB2 1PD, UK.; Department of Pharmacology, University of Cambridge, Tennis Court Road, Cambridge, CB2 1PD, UK.; Department of Pharmacology, University of Cambridge, Tennis Court Road, Cambridge, CB2 1PD, UK.; Department of Pharmacology, University of Cambridge, Tennis Court Road, Cambridge, CB2 1PD, UK.; Department of Pharmacology, University of Cambridge, Tennis Court Road, Cambridge, CB2 1PD, UK.",None
39810637,The prospect of using nanotechnology to prevent and treat infections caused by ,2025/Jan/15,"Vaziri, Mohammad; Abedini Baghbadorani, Maryam; Khandaee Ghamsari, Monireh","Department of Pharmaceutics, Faculty of Pharmacy, Tehran University of Medical Sciences, Tehran, Iran.; Department of Toxicology, School of Pharmacy, Ahvaz Jundishapur University of Medical Sciences, Ahvaz, Iran.; Department of Pharmaceutical Biomaterials, Faculty of Pharmacy, Tehran University of Medical Sciences, Tehran, Iran.",None
39810531,"Development, Optimization, and Evaluation of Rutin-Loaded Liposomes in the Management of Rheumatoid Arthritis.",2025/Jan/10,"Nautiyal, Gunjan; Sharma, Shiv Kant; Kaushik, Dhirender; Pandey, Parijat","Department of Pharmaceutical Sciences, Gurugram University, Gurugram - 122018, India.; Department of Pharmaceutical Sciences, Gurugram University, Gurugram - 122018, India.; Department of Pharmaceutical Sciences, Gurugram University, Gurugram - 122018, India.; Department of Pharmaceutical Sciences, Gurugram University, Gurugram - 122018, India.",None
39810524,The Potential of Natural Products in Metabolic Disease Management: A Thorough Exploration of the Case of Uganda.,2025/Jan/10,"Ahikiriza, Allan Amooti; Bukke, Sarad Pawar Naik; Yadesa, Tadele Mekuriya; Nicholas, Buyinza; Daniel, Kasolo; Moses, Kabali; Ddumba, Sewalu Mathias Bonny","Department of Pharmaceutics and Pharmaceutical Technology, Kampala International University, Western Campus, P.O. Box 71, Ishaka, Bushenyi, Uganda.; Department of Pharmaceutics and Pharmaceutical Technology, Kampala International University, Western Campus, P.O. Box 71, Ishaka, Bushenyi, Uganda.; Department of Clinical Pharmacy and Pharmacy Practice, Kampala International University, Western Campus, P.O. Box 71, Ishaka, Bushenyi, Uganda.; Department of Pharmaceutics and Pharmaceutical Technology, Kampala International University, Western Campus, P.O. Box 71, Ishaka, Bushenyi, Uganda.; Department of Pharmaceutics and Pharmaceutical Technology, Kampala International University, Western Campus, P.O. Box 71, Ishaka, Bushenyi, Uganda.; Department of Pharmaceutics and Pharmaceutical Technology, Kampala International University, Western Campus, P.O. Box 71, Ishaka, Bushenyi, Uganda.; Department of Pharmaceutics and Pharmaceutical Technology, Kampala International University, Western Campus, P.O. Box 71, Ishaka, Bushenyi, Uganda.",None
39810523,Molecular-targeted Therapy for Precision Medicine in Gastrointestinal Cancer: Advancement in Cancer Targeting Strategies.,2025/Jan/10,"Deshmukh, Rohitas; Yaduwanshi, Phool Singh; Dubey, Anubhav; Kumari, Mamta","Department of Pharmacy, Institute of Pharmaceutical Research, GLA University, Mathura, U.P., India.; Department of Pharmacy, IITM, Department of Pharmacy, IES University, Bhopal (M.P.), India.; Department of Pharmacology, Maharana Pratap College of Pharmacy kanpur Uttar Pradesh, 209217, India.; Department of Pharmacology, Maharana Pratap College of Pharmacy kanpur Uttar Pradesh, 209217, India.",None
39810518,Advances in Migraine Treatment: A Comprehensive Clinical Review.,2025/Jan/10,"Rushendran, Rapuru; Vellapandian, Chitra","Department of Pharmacology, SRM College of Pharmacy, SRM Institute of Science and Technology, Kattankulathur- 603203, Chengalpattu, Tamil Nadu, India.; Department of Pharmacology, SRM College of Pharmacy, SRM Institute of Science and Technology, Kattankulathur- 603203, Chengalpattu, Tamil Nadu, India.",None
39810489,The Roles of Ninjurin1 and Estrogen in Modulating AOM/DSS-Induced Colitis-Associated Colorectal Cancer in Male Mice.,2025/Jan/13,"Lee, Ha-Na; Choi, Hoon; Kim, Kyu-Won","College of Pharmacy, Seoul National University, Seoul, Korea.; College of Pharmacy and Research Institute of Pharmaceutical Sciences, Seoul National University, Seoul, Korea.; College of Pharmacy and Research Institute of Pharmaceutical Sciences, Seoul National University, Seoul, Korea.",None
39810466,Single-cell multi-omics deciphers hepatocyte dedifferentiation and illuminates maintenance strategies.,2025/Jan/14,"Hao, Jie; Wang, Zhenyi; Ren, Jilong; Yang, Jinghuan; Li, Jiachen; Ding, Weizhe; Li, Jie; Han, Zhiqiang; Yuan, Ye; Hai, Tang; Ding, Sheng; Zhang, Michael Q; Shi, Minglei","School of Pharmaceutical Sciences, Tsinghua University, Beijing, China.; MOE Key Laboratory of Bioinformatics, Beijing National Research Center for Information Science and Technology, Bioinformatics Division, Tsinghua University, Beijing, China.; Key Laboratory of Organ Regeneration and Reconstruction, State Key Laboratory of Stem Cell and Reproductive Biology, Institute of Zoology, Chinese Academy of Sciences, Beijing, China.; School of Pharmaceutical Sciences, Tsinghua University, Beijing, China.; State Key Laboratory of Biopharmaceutical Preparation and Delivery, Institute of Process Engineering, Chinese Academy of Sciences, Beijing, China.; School of Pharmaceutical Sciences, Tsinghua University, Beijing, China.; Key Laboratory of Organ Regeneration and Reconstruction, State Key Laboratory of Stem Cell and Reproductive Biology, Institute of Zoology, Chinese Academy of Sciences, Beijing, China.; Key Laboratory of Organ Regeneration and Reconstruction, State Key Laboratory of Stem Cell and Reproductive Biology, Institute of Zoology, Chinese Academy of Sciences, Beijing, China.; State Key Laboratory of Biopharmaceutical Preparation and Delivery, Institute of Process Engineering, Chinese Academy of Sciences, Beijing, China.; Key Laboratory of Organ Regeneration and Reconstruction, State Key Laboratory of Stem Cell and Reproductive Biology, Institute of Zoology, Chinese Academy of Sciences, Beijing, China.; School of Pharmaceutical Sciences, Tsinghua University, Beijing, China.; MOE Key Laboratory of Bioinformatics, Beijing National Research Center for Information Science and Technology, Bioinformatics Division, Tsinghua University, Beijing, China.; MOE Key Laboratory of Bioinformatics, Beijing National Research Center for Information Science and Technology, Bioinformatics Division, Tsinghua University, Beijing, China.",None
39810447,Importance of Computer-Aided Drug Design in Modern Pharmaceutical Research.,2024/Dec/31,"Agarwal, Uma; Tonk, Rajiv Kumar; Paliwal, Swati","Department of Pharmaceutical Chemistry, School of Pharmaceutical Sciences, Delhi Pharmaceutical Sciences and Research University, PushpViharSector-3, M-B Road, New Delhi, 110017, India.; Department of Pharmaceutical Chemistry, School of Pharmaceutical Sciences, Delhi Pharmaceutical Sciences and Research University, PushpViharSector-3, M-B Road, New Delhi, 110017, India.; Department of Pharmaceutical Chemistry, School of Pharmaceutical Sciences, Delhi Pharmaceutical Sciences and Research University, PushpViharSector-3, M-B Road, New Delhi, 110017, India.",None
39810446,Potential of Nanoparticle Based Antimicrobial Drug Repurposing to Efficiently Target Alzheimer's: A Concise Update on Evidence-based Research and Challenges Ahead.,2024/Dec/31,"Biswal, Biswabhusan; Satapathy, Bhabani Sankar; Mishra, Abhishek; Maharana, Laxmidhar; Pattnaik, Snigdha","Department of Pharmaceutics, School of Pharmaceutical Sciences, Siksha 'O' Anusandhan (Deemed to be University), Kalinga Nagar, Bhubaneswar, Odisha, India.; Department of Pharmaceutics, School of Pharmaceutical Sciences, Siksha 'O' Anusandhan (Deemed to be University), Kalinga Nagar, Bhubaneswar, Odisha, India.; Department of Pharmaceutics, School of Pharmaceutical Sciences, Siksha 'O' Anusandhan (Deemed to be University), Kalinga Nagar, Bhubaneswar, Odisha, India.; Department of Pharmaceutics, School of Pharmaceutical Sciences, Siksha 'O' Anusandhan (Deemed to be University), Kalinga Nagar, Bhubaneswar, Odisha, India.; Department of Pharmaceutics, School of Pharmaceutical Sciences, Siksha 'O' Anusandhan (Deemed to be University), Kalinga Nagar, Bhubaneswar, Odisha, India.",None
39810444,Exploration of Polyhydroxybutyrate (PHB) Production Potential of Photosynthetic Microbes: A Sustainable Source of Bioplastic.,2024/Dec/31,"Mirza, Saima Shahzad; Morowvat, Mohammad Hossein","Microbial Bioengineering Laboratory, University of Education, Bank Road Campus, Lahore, Pakistan.; Pharmaceutical Sciences Research Center, Shiraz University of Medical Sciences, Shiraz, Iran.",None
39810425,Synaptic Targets and Cellular Sources of CB1 Cannabinoid Receptor and Vesicular Glutamate Transporter-3 Expressing Nerve Terminals in Relation to GABAergic Neurons in the Human Cerebral Cortex.,2025,"Somogyi, Peter; Horie, Sawa; Lukacs, Istvan; Hunter, Emily; Sarkany, Barbara; Viney, Tim James; Zhao, Qianru","Department of Pharmacology, University of Oxford, Oxford, UK.; Department of Pharmacology, University of Oxford, Oxford, UK.; Department of Pharmacology, University of Oxford, Oxford, UK.; Department of Pharmacology, University of Oxford, Oxford, UK.; Department of Pharmacology, University of Oxford, Oxford, UK.; Department of Pharmacology, University of Oxford, Oxford, UK.; Department of Pharmacology, University of Oxford, Oxford, UK.",None
39810287,A green bioanalytical spectrofluorimetric approach for estimation of Avapritinib anti-tumor drug; application to quality control and clinical studies.,2025/Jan/14,"Salman, Baher I; Saraya, Roshdy E; Hassan, Yasser F; Hassan, Ahmed I; Batakoushy, Hany A; Abdel-Aal, Mohamed A A","Pharmaceutical Analytical Chemistry Department, Faculty of Pharmacy, Al-Azhar University, Assiut Branch, Assiut, Egypt.; Pharmaceutical Analytical Chemistry Department, Faculty of Pharmacy, Port-Said University, Port-Said, Egypt.; Pharmaceutical Analytical Chemistry Department, Faculty of Pharmacy, Al-Azhar University, Assiut Branch, Assiut, Egypt.; Pharmaceutical Analytical Chemistry Department, Faculty of Pharmacy, Al-Azhar University, Assiut Branch, Assiut, Egypt.; Pharmaceutical Analytical Chemistry Department, Faculty of Pharmacy, Menoufia University, Shebin Elkom, Egypt.; Department of Pharmaceutical Chemistry, Faculty of Pharmacy, Al-Azhar University, Assiut Branch, Assiut, Egypt.",None
39810277,A new phase of China-ASEAN health cooperation: the China-ASEAN Beijing Declaration on Cooperation in Innovation of Health Products and Technologies.,2025/Jan/14,None,None,xum@bjmu.edu.cn.
39810264,Characterization and interactions between piperine and ezetimibe in their Anti-hyperlipidemic efficacy using Biopharmaceutics and Pharmacokinetics.,2025/Jan/14,"Marati, Kavitha; Palatheeya, Sujatha; Chettupalli, Ananda Kumar; Naik Bukke, Sarad Pawar","Department of Pharmacology, University College of pharmaceutical Sciences, Palamuru University, Mahbubnagar Rural, Mahbubnagar, Telangana, 509001, India.; Department of Pharmacology, University College of pharmaceutical Sciences, Palamuru University, Mahbubnagar Rural, Mahbubnagar, Telangana, 509001, India.; Department of Pharmaceutical Sciences, School of Medical and Allied Sciences, Galgotias University, Greater Noida, Uttar Pradesh, 203201, India.; Department of Pharmaceutics and Pharmaceutical Technology, Kampala International University, Western Campus, P.O. Box 71, Ishaka - Bushenyi, Uganda. drsaradpawar@kiu.ac.ug.",drsaradpawar@kiu.ac.ug.
39810263,Discovery of robust and highly specific microbiome signatures of non-alcoholic fatty liver disease.,2025/Jan/14,"Li, Huating; Jia, Weiping; Xu, Aimin","Department of Endocrinology and Metabolism, Shanghai Clinical Center for Diabetes, Shanghai Key Laboratory of Diabetes Mellitus, Shanghai Jiao Tong University Affiliated Sixth People's Hospital, Shanghai Diabetes Institute, Shanghai, 200233, China.; Department of Endocrinology and Metabolism, Shanghai Clinical Center for Diabetes, Shanghai Key Laboratory of Diabetes Mellitus, Shanghai Jiao Tong University Affiliated Sixth People's Hospital, Shanghai Diabetes Institute, Shanghai, 200233, China.; The State Key Laboratory of Pharmaceutical Biotechnology, The University of Hong Kong, Hong Kong SAR, China.",gianni.panagiotou@leibniz-hki.de.
39810216,The interaction of tPA with NMDAR1 drives neuroinflammation and neurodegeneration in α-synuclein-mediated neurotoxicity.,2025/Jan/14,"Lesept, Flavie; Delétage, Nathalie; Blanc, Manuel; Norris, Erin H","Lys Therapeutics, Main offices: 56 rue Saint Jean de Dieu, Lyon, 69007, France.; Lys Therapeutics, Main offices: 56 rue Saint Jean de Dieu, Lyon, 69007, France.; Lys Therapeutics, Main offices: 56 rue Saint Jean de Dieu, Lyon, 69007, France.; Patricia and John Rosenwald Laboratory of Neurobiology and Genetics, The Rockefeller University, New York, NY, USA.",dlawrenc@umich.edu.
39810206,Predictive value of dendritic cell-related genes for prognosis and immunotherapy response in lung adenocarcinoma.,2025/Jan/14,"Sun, Zihao; Huang, Xiaoning; Song, Minghan; Chen, Xiujing; Bei, Jiaxin; Lin, Yiguang; Chen, Size","Department of Immuno-Oncology, The First Affiliated Hospital of Guangdong Pharmaceutical University, Guangzhou, 510080, China.; Department of Immuno-Oncology, The First Affiliated Hospital of Guangdong Pharmaceutical University, Guangzhou, 510080, China.; Department of Immuno-Oncology, The First Affiliated Hospital of Guangdong Pharmaceutical University, Guangzhou, 510080, China.; Department of Immuno-Oncology, The First Affiliated Hospital of Guangdong Pharmaceutical University, Guangzhou, 510080, China.; Department of Immuno-Oncology, The First Affiliated Hospital of Guangdong Pharmaceutical University, Guangzhou, 510080, China. beijiaxinya@163.com.; Department of Immuno-Oncology, The First Affiliated Hospital of Guangdong Pharmaceutical University, Guangzhou, 510080, China. yiguang.lin@hotmail.com.; Department of Immuno-Oncology, The First Affiliated Hospital of Guangdong Pharmaceutical University, Guangzhou, 510080, China. chensize@gdpu.edu.cn.",chensize@gdpu.edu.cn.
39810169,Integrating the A,2025/Jan/15,"Na-Ek, Nat","Division of Pharmacy Practice, Department of Pharmaceutical Care, School of Pharmaceutical Sciences, University of Phayao, Phayao, Thailand.",sarawut-kron@moph.go.th.
39809971,Association of falls with risk of dementia and all-cause mortality: a cohort study of Japanese older adults with a 9-year follow-up.,2025/Jan/14,"Zhong, Xiangbin; Guan, Liqi; Chen, Qiqing; Wang, Xinlei; Li, Yuting","School of Public Health, Guangdong Pharmaceutical University, Guangzhou, China.; School of Public Health, Guangdong Pharmaceutical University, Guangzhou, China.; School of Public Health, Guangdong Pharmaceutical University, Guangzhou, China.; School of Public Health, Guangdong Pharmaceutical University, Guangzhou, China.; School of Public Health, Guangdong Pharmaceutical University, Guangzhou, China. liyuting@gdpu.edu.cn.",liyuting@gdpu.edu.cn.
39809955,Gut Microbiota-Based Interventions for Parkinson's Disease: Neuroprotective Mechanisms and Current Perspective.,2025/Jan/15,"Kumar, Deepak; Bishnoi, Mahendra; Kondepudi, Kanthi Kiran; Sharma, Shyam Sunder","Department of Pharmacology and Toxicology, National Institute of Pharmaceutical Education and Research, S.A.S. Nagar, Mohali, Punjab, 160062, India.; Centre for Excellence in Functional Foods, Division of Food and Nutritional Biotechnology, National Agri-Food Biomanufacturing Institute (NABI), Knowledge City-Sector 81, S.A.S. Nagar, Punjab, 140306, India.; Centre for Excellence in Functional Foods, Division of Food and Nutritional Biotechnology, National Agri-Food Biomanufacturing Institute (NABI), Knowledge City-Sector 81, S.A.S. Nagar, Punjab, 140306, India.; Department of Pharmacology and Toxicology, National Institute of Pharmaceutical Education and Research, S.A.S. Nagar, Mohali, Punjab, 160062, India. sssharma@niper.ac.in.",sssharma@niper.ac.in.
39809945,Serum laminin γ2 monomer as a novel diagnostic and prognostic marker for pancreatic ductal adenocarcinoma.,2025/Jan/14,"Seiki, Motoharu","Faculty of Medicine, Institute of Medical, Pharmaceutical & Health Science, Kanazawa University, Kanazawa, Japan.",taroy62m@staff.kanazawa-u.ac.jp.
39809933,Nanocarrier imaging at single-cell resolution across entire mouse bodies with deep learning.,2025/Jan/14,"Luo, Jie; Molbay, Muge; Chen, Ying; Horvath, Izabela; Kadletz, Karoline; Zhao, Shan; Al-Maskari, Rami; Ali, Mayar; Bhatia, Harsharan Singh; Minde, David-Paul; Negwer, Moritz; Hoeher, Luciano; Kimna, Ceren; Rong, Zhouyi; Galensowske, Nikolas; Todorov, Mihail Ivilinov; Jeridi, Denise; Ohn, Tzu-Lun; Pan, Chenchen; Hellal, Farida; Paetzold, Johannes; Elsner, Markus; Erturk, Ali","Institute for Intelligent Biotechnologies (iBIO), Helmholtz Center Munich, Neuherberg, Germany.; Institute for Intelligent Biotechnologies (iBIO), Helmholtz Center Munich, Neuherberg, Germany.; Institute for Intelligent Biotechnologies (iBIO), Helmholtz Center Munich, Neuherberg, Germany.; Institute for Intelligent Biotechnologies (iBIO), Helmholtz Center Munich, Neuherberg, Germany.; Institute for Intelligent Biotechnologies (iBIO), Helmholtz Center Munich, Neuherberg, Germany.; Institute for Intelligent Biotechnologies (iBIO), Helmholtz Center Munich, Neuherberg, Germany.; Institute for Intelligent Biotechnologies (iBIO), Helmholtz Center Munich, Neuherberg, Germany.; Institute for Intelligent Biotechnologies (iBIO), Helmholtz Center Munich, Neuherberg, Germany.; Institute for Intelligent Biotechnologies (iBIO), Helmholtz Center Munich, Neuherberg, Germany.; Institute for Intelligent Biotechnologies (iBIO), Helmholtz Center Munich, Neuherberg, Germany.; Institute for Intelligent Biotechnologies (iBIO), Helmholtz Center Munich, Neuherberg, Germany.; Institute for Intelligent Biotechnologies (iBIO), Helmholtz Center Munich, Neuherberg, Germany.; Institute for Intelligent Biotechnologies (iBIO), Helmholtz Center Munich, Neuherberg, Germany.; Institute for Intelligent Biotechnologies (iBIO), Helmholtz Center Munich, Neuherberg, Germany.; Institute for Intelligent Biotechnologies (iBIO), Helmholtz Center Munich, Neuherberg, Germany.; Institute for Intelligent Biotechnologies (iBIO), Helmholtz Center Munich, Neuherberg, Germany.; Institute for Intelligent Biotechnologies (iBIO), Helmholtz Center Munich, Neuherberg, Germany.; Institute for Intelligent Biotechnologies (iBIO), Helmholtz Center Munich, Neuherberg, Germany.; Institute for Intelligent Biotechnologies (iBIO), Helmholtz Center Munich, Neuherberg, Germany.; Institute for Intelligent Biotechnologies (iBIO), Helmholtz Center Munich, Neuherberg, Germany.; Institute for Intelligent Biotechnologies (iBIO), Helmholtz Center Munich, Neuherberg, Germany.; Institute for Intelligent Biotechnologies (iBIO), Helmholtz Center Munich, Neuherberg, Germany.; Institute for Intelligent Biotechnologies (iBIO), Helmholtz Center Munich, Neuherberg, Germany. ali.erturk@helmholtz-munich.de.",ali.erturk@helmholtz-munich.de.
39809879,"Clinical features, treatment, and prognosis of zoledronic acid-induced uveitis.",2025/Jan/14,None,None,wongcj@csu.edu.cn.
39809740,Selective utilization of medicinal polysaccharides by human gut Bacteroides and Parabacteroides species.,2025/Jan/14,"Qu, Zepeng; Liu, Hongbin; Yang, Ji; Zheng, Linggang; Zuo, Wenlong; Xia, Xiong; Sun, Lin; Zhou, Yifa; Xie, Ying; Lu, Jingguang; Zhu, Yizhun; Yu, Lili; Zhou, Hua; Dai, Lei","School of Pharmacy, Faculty of Medicine & State Key Laboratory of Quality Research in Chinese Medicines, Macau University of Science and Technology, Taipa, Macau, China.; CAS Key Laboratory of Quantitative Engineering Biology, Shenzhen Institute of Synthetic Biology, Shenzhen Institutes of Advanced Technology, Chinese Academy of Sciences, Shenzhen, China.; School of Chinese Materia Medica, Guangdong Pharmaceutical University, Guangzhou, China.; School of Pharmacy, Faculty of Medicine & State Key Laboratory of Quality Research in Chinese Medicines, Macau University of Science and Technology, Taipa, Macau, China.; CAS Key Laboratory of Quantitative Engineering Biology, Shenzhen Institute of Synthetic Biology, Shenzhen Institutes of Advanced Technology, Chinese Academy of Sciences, Shenzhen, China.; CAS Key Laboratory of Quantitative Engineering Biology, Shenzhen Institute of Synthetic Biology, Shenzhen Institutes of Advanced Technology, Chinese Academy of Sciences, Shenzhen, China.; Jilin Provincial Key Laboratory of Chemistry and Biology of Changbai Mountain Natural Drugs, Northeast Normal University, Changchun, China.; Jilin Provincial Key Laboratory of Chemistry and Biology of Changbai Mountain Natural Drugs, Northeast Normal University, Changchun, China.; State Key Laboratory of Traditional Chinese Medicine Syndrome, Guangdong Provincial Hospital of Chinese Medicine, Guangdong Provincial Academy of Chinese Medical Sciences, The Second Affiliated Hospital of Guangzhou University of Chinese Medicine, Guangzhou, Guangdong, China.; School of Pharmacy, Faculty of Medicine & State Key Laboratory of Quality Research in Chinese Medicines, Macau University of Science and Technology, Taipa, Macau, China.; School of Pharmacy, Faculty of Medicine & State Key Laboratory of Quality Research in Chinese Medicines, Macau University of Science and Technology, Taipa, Macau, China.; School of Pharmacy, Faculty of Medicine & State Key Laboratory of Quality Research in Chinese Medicines, Macau University of Science and Technology, Taipa, Macau, China.; State Key Laboratory of Traditional Chinese Medicine Syndrome, Guangdong Provincial Hospital of Chinese Medicine, Guangdong Provincial Academy of Chinese Medical Sciences, The Second Affiliated Hospital of Guangzhou University of Chinese Medicine, Guangzhou, Guangdong, China. gutcmzhs@hotmail.com.; CAS Key Laboratory of Quantitative Engineering Biology, Shenzhen Institute of Synthetic Biology, Shenzhen Institutes of Advanced Technology, Chinese Academy of Sciences, Shenzhen, China. lei.dai@siat.ac.cn.",lhleung@um.edu.mo.
39809611,"Organoids, organs-on-chips, complex in vitro model: Definitions, applications, validation, ethics.",2024/Dec/04,"Antignac, Corinne; Descroix, Stéphanie","Laboratoire des maladies rénales héréditaires, Inserm UMR1153, institut Imagine, université Paris Cité, 75000 Paris, France.; Laboratoire physique des cellules et cancer, PCC, CNRS UMR168, institut Curie, Sorbonne University, PSL University, 75000 Paris, France.",alexandre.grassart@cnrs.fr.
39809567,Cost-utility analysis of combination medical therapies in chronic coronary syndrome: a comparative study using real-world and patient-level data from Iran.,2025/Jan/14,"Davari, Majid; Fatemi, Behzad; Kebriaeezadeh, Abbas; Soleymani, Fatemeh; Zartab, Saman","Pharmacoeconomics and Pharmaceutical Administration, Tehran University of Medical Sciences School of Pharmacy, Tehran, Iran (the Islamic Republic of).; Pharmaceutical Management and Economics Research Center (PMERC), The Institute of Pharmaceutical Sciences (TIPS), Tehran University of Medical Sciences, Tehran, Iran (the Islamic Republic of) behzad.fatemi63@gmail.com.; Pharmacoeconomics and Pharmaceutical Administration, Tehran University of Medical Sciences School of Pharmacy, Tehran, Iran (the Islamic Republic of).; Pharmacoeconomics and Pharmaceutical Administration, Tehran University of Medical Sciences School of Pharmacy, Tehran, Iran (the Islamic Republic of).; Pharmaceutical Sciences Research Center, Kermanshah University of Medical Sciences, Kermanshah, Iran (the Islamic Republic of).",behzad.fatemi63@gmail.com.
39809542,The astrocytic zinc transporter ZIP12 is a synaptic protein that contributes to synaptic zinc levels in mouse auditory cortex.,2025/Jan/14,None,None,charles.anderson@hsc.wvu.edu.
39809515,Discovery of Brain-Penetrative Negative Allosteric Modulators of NMDA Receptors Using FEP-Guided Structure Optimization and Membrane Permeability Prediction.,2025/Jan/14,"Zhao, Fabao; Jiang, Liyang; Xie, Jieying; Liu, Na; Gao, Zhen; Yang, Yue; Wang, Yu; Huang, Boshi; Kang, Dongwei; Zhan, Peng; Yi, Feng; Liu, Xinyong","Department of Medicinal Chemistry, Key Laboratory of Chemical Biology (Ministry of Education), School of Pharmaceutical Sciences, Cheeloo College of Medicine, Shandong University, 44 West Culture Road, Jinan 250012, Shandong, China.; Department of Medicinal Chemistry, Key Laboratory of Chemical Biology (Ministry of Education), School of Pharmaceutical Sciences, Cheeloo College of Medicine, Shandong University, 44 West Culture Road, Jinan 250012, Shandong, China.; Key Laboratory of Mental Health of the Ministry of Education, Guangdong-Hong Kong-Macao Greater Bay Area Center for Brain Science and Brain-Inspired Intelligence, Guangdong-Hong Kong Joint Laboratory for Psychiatric Disorders, Guangdong Province Key Laboratory of Psychiatric Disorders, Guangdong Basic Research Center of Excellence for Integrated Traditional and Western Medicine for Qingzhi Diseases, Department of Neurobiology, School of Basic Medical Sciences, Southern Medical University, Guangzhou 510000, China.; Department of Pharmacy, Affiliated Hospital of Shandong University of Traditional Chinese Medicine, Jinan 250012, China.; Department of Medicinal Chemistry, Key Laboratory of Chemical Biology (Ministry of Education), School of Pharmaceutical Sciences, Cheeloo College of Medicine, Shandong University, 44 West Culture Road, Jinan 250012, Shandong, China.; Department of Medicinal Chemistry, Key Laboratory of Chemical Biology (Ministry of Education), School of Pharmaceutical Sciences, Cheeloo College of Medicine, Shandong University, 44 West Culture Road, Jinan 250012, Shandong, China.; Key Laboratory of Mental Health of the Ministry of Education, Guangdong-Hong Kong-Macao Greater Bay Area Center for Brain Science and Brain-Inspired Intelligence, Guangdong-Hong Kong Joint Laboratory for Psychiatric Disorders, Guangdong Province Key Laboratory of Psychiatric Disorders, Guangdong Basic Research Center of Excellence for Integrated Traditional and Western Medicine for Qingzhi Diseases, Department of Neurobiology, School of Basic Medical Sciences, Southern Medical University, Guangzhou 510000, China.; Department of Medicinal Chemistry, Key Laboratory of Chemical Biology (Ministry of Education), School of Pharmaceutical Sciences, Cheeloo College of Medicine, Shandong University, 44 West Culture Road, Jinan 250012, Shandong, China.; Department of Medicinal Chemistry, Key Laboratory of Chemical Biology (Ministry of Education), School of Pharmaceutical Sciences, Cheeloo College of Medicine, Shandong University, 44 West Culture Road, Jinan 250012, Shandong, China.; Department of Medicinal Chemistry, Key Laboratory of Chemical Biology (Ministry of Education), School of Pharmaceutical Sciences, Cheeloo College of Medicine, Shandong University, 44 West Culture Road, Jinan 250012, Shandong, China.; Key Laboratory of Mental Health of the Ministry of Education, Guangdong-Hong Kong-Macao Greater Bay Area Center for Brain Science and Brain-Inspired Intelligence, Guangdong-Hong Kong Joint Laboratory for Psychiatric Disorders, Guangdong Province Key Laboratory of Psychiatric Disorders, Guangdong Basic Research Center of Excellence for Integrated Traditional and Western Medicine for Qingzhi Diseases, Department of Neurobiology, School of Basic Medical Sciences, Southern Medical University, Guangzhou 510000, China.; Department of Medicinal Chemistry, Key Laboratory of Chemical Biology (Ministry of Education), School of Pharmaceutical Sciences, Cheeloo College of Medicine, Shandong University, 44 West Culture Road, Jinan 250012, Shandong, China.",None
39809510,Inhibition of Melanin Synthesis and Inflammation by Exosomes Derived from ,2025/Jan/06,"Choi, Byeong Min; Park, Tae-Jin; Hong, Hyehyun; Chi, Won-Jae; Kim, Seung-Young","Department of Pharmaceutical Engineering & Biotechnology, Sunmoon University, Chungnam 31460, Republic of Korea.; Department of Pharmaceutical Engineering & Biotechnology, Sunmoon University, Chungnam 31460, Republic of Korea.; Department of Pharmaceutical Engineering & Biotechnology, Sunmoon University, Chungnam 31460, Republic of Korea.; Biodiversity Research Department, Species Diversity Research Division, Incheon 22689, Republic of Korea.; Department of Pharmaceutical Engineering & Biotechnology, Sunmoon University, Chungnam 31460, Republic of Korea.",None
39809460,Read-Across of Biotransformation Potential between Activated Sludge and the Terrestrial Environment: Toward Making It Practical and Plausible.,2025/Jan/14,None,None,None
39809459,Untargeted Characterization and Biological Activity of Amazonian Aqueous Stem Bark Extracts by Liquid and Gas Chromatography-Mass Spectrometry.,2025/Jan/14,"Espinosa de Los Monteros-Silva, Nina; Sosa-Pozo, Gabriela; Radice, Matteo","Laboratorio de Biología Molecular y Bioquímica, Universidad Regional Amazónica Ikiam, Tena, Napo, Ecuador.; Laboratorio de Biología Molecular y Bioquímica, Universidad Regional Amazónica Ikiam, Tena, Napo, Ecuador.; Department of Biosciences, Biotechnology and Environment, University of Bari Aldo Moro, Bari, Italy.",None
39809382,Apoptosis in polycystic ovary syndrome: Mechanisms and therapeutic implications.,2025/Jan/12,"Yang, Ling-Kun; Ma, Wan-Jing; Wang, Xiao; Chen, Huan-Ran; Jiang, Ya-Nan; Sun, Hui","Pharmaceutical Experiment Teaching Center, College of Pharmacy, Harbin Medical University, Harbin 150081, PR China.; Pharmaceutical Experiment Teaching Center, College of Pharmacy, Harbin Medical University, Harbin 150081, PR China.; Pharmaceutical Experiment Teaching Center, College of Pharmacy, Harbin Medical University, Harbin 150081, PR China.; Pharmaceutical Experiment Teaching Center, College of Pharmacy, Harbin Medical University, Harbin 150081, PR China.; Department of Pharmacology (National Key Laboratory of Frigid Zone Cardiovascular Diseases, State-Province Key Laboratories of Biomedicine- Pharmaceutics of China, Key Laboratory of Cardiovascular Research, Ministry of Education), College of Pharmacy, Harbin Medical University, Harbin, PR China; Translational Medicine Research and Cooperation Center of Northern China, Heilongjiang Academy of Medical Sciences, Harbin, PR China. Electronic address: jiangyanan@hrbmu.edu.cn.; Pharmaceutical Experiment Teaching Center, College of Pharmacy, Harbin Medical University, Harbin 150081, PR China. Electronic address: sunhui@hrbmu.edu.cn.",sunhui@hrbmu.edu.cn.
39809347,Prilling of crystallizable water-in-oil emulsions: Towards co-encapsulation of hydrophilic and lipophilic active ingredients within lipid microparticles.,2025/Jan/12,"Meuri, Marco","BÜCHI Labortechnik AG, Meierseggstrasse 40, 9230 Flawil, Switzerland.",vincent.faivre@u-psud.fr.
39809268,Dual ferroptosis induction in N2-TANs and TNBC cells via FTH1 targeting: A therapeutic strategy for triple-negative breast cancer.,2025/Jan/07,"Sun, Qingyan; Guo, Jingwen; Yan, Li; Zhang, Weidong","National Key Laboratory of Lead Druggability Research (Shanghai Institute of Pharmaceutical Industry Co. Ltd., China State Institute of Pharmaceutical Industry Co. Ltd.), Shanghai 200040, China.; National Key Laboratory of Lead Druggability Research (Shanghai Institute of Pharmaceutical Industry Co. Ltd., China State Institute of Pharmaceutical Industry Co. Ltd.), Shanghai 200040, China.; School of Pharmacy, Naval Medical University, Shanghai 200433, China.; Shanghai Frontiers Science Center of TCM Chemical Biology, Institute of Interdisciplinary Integrative Medicine Research and Shuguang Hospital, Shanghai University of Traditional Chinese Medicine, Shanghai 201203, China; School of Pharmacy, Naval Medical University, Shanghai 200433, China; Institute of Medicinal Plant Development, Chinese Academy of Medical Sciences & Peking Union Medical College, Beijing 100193, China. Electronic address: wdzhangy@hotmail.com.",luanxin@shutcm.edu.cn.
39809264,High cellular plasticity state of medulloblastoma local recurrence and distant dissemination.,2025/Jan/06,"Wang, Wei; Zhang, Jiao; Daniels, Craig; Saulnier, Olivier; Wang, Zeyuan John; Zhao, Zitong; Yuan, Hongyu; Li, Wenxing; Taylor, Michael D; Liu, Yong-Qiang","Laboratory of Tumor Immunology, Beijing Pediatric Research Institute, Beijing Children's Hospital, Capital Medical University, National Center for Children's Health, Beijing 100045, China.; Cancer and Hematology Center, Texas Children's Hospital, Houston, TX 77002, USA; Department of Pediatrics-Hematology/Oncology and Neurosurgery, Baylor College of Medicine, Houston, TX 77002, USA; The Arthur and Sonia Labatt Brain Tumor Research Centre, The Hospital for Sick Children, Toronto, ON M5G 1, Canada; The Developmental and Stem Cell Biology Program, The Hospital for Sick Children, Toronto, ON M5G 1, Canada.; Cancer and Hematology Center, Texas Children's Hospital, Houston, TX 77002, USA; Department of Pediatrics-Hematology/Oncology and Neurosurgery, Baylor College of Medicine, Houston, TX 77002, USA; The Arthur and Sonia Labatt Brain Tumor Research Centre, The Hospital for Sick Children, Toronto, ON M5G 1, Canada; The Developmental and Stem Cell Biology Program, The Hospital for Sick Children, Toronto, ON M5G 1, Canada.; Genomics and Development of Childhood Cancers Lab, Institute Curie, PSL University, 75005 Paris, France; Cancer Heterogeneity Instability and Plasticity, Institute Curie, PSL University, 75005 Paris, France.; Departments of Quantitative Pharmacology and Pharmacometrics (QP2), Merck & Co., Inc., West Point, PA 19486, USA.; State Key Laboratory of Molecular Oncology, National Cancer Center/Cancer Hospital, Chinese Academy of Medical Sciences and Peking Union Medical College, Beijing 100021, China.; State Key Laboratory of Molecular Oncology, National Cancer Center/Cancer Hospital, Chinese Academy of Medical Sciences and Peking Union Medical College, Beijing 100021, China.; OE Biotech, Shanghai 201114, China.; Cancer and Hematology Center, Texas Children's Hospital, Houston, TX 77002, USA; Department of Pediatrics-Hematology/Oncology and Neurosurgery, Baylor College of Medicine, Houston, TX 77002, USA; The Arthur and Sonia Labatt Brain Tumor Research Centre, The Hospital for Sick Children, Toronto, ON M5G 1, Canada; The Developmental and Stem Cell Biology Program, The Hospital for Sick Children, Toronto, ON M5G 1, Canada.; Research Center of Chinese Herbal Resource Science and Engineering, School of Pharmaceutical Sciences, Guangzhou University of Chinese Medicine, Guangzhou, Guangdong 510006, China. Electronic address: liuyq@gzucm.edu.cn.",zacharytaojiang@163.com.
39809256,Assessment of Osteoprotegerin and Receptor Activator of Nf-Κb Ligand in Malaysian Male Patients with Chronic Obstructive Pulmonary Disease: A Cross-Sectional Study.,2024,"Ahmad N, Bitar; Syed A, Syed-Sulaiman; Fadi G, Saqallah; Salah A, Alshehade; Amer, Hayat-Khan","Department of Clinical Pharmacy, Faculty of Pharmacy, University Sultan Zainal Abidin, Terengganu, Malaysia.; Discipline of Clinical Pharmacy, School of Pharmaceutical Sciences, University Sains Malaysia, Penang, Malaysia.; Discipline of Clinical Pharmacy, School of Pharmaceutical Sciences, University Sains Malaysia, Penang, Malaysia.; Department of Pharmacology, Faculty of Pharmacy and Biomedical Sciences, MAHSA University, Selangor, Malaysia.; Discipline of Clinical Pharmacy, School of Pharmaceutical Sciences, University Sains Malaysia, Penang, Malaysia.",None
39809139,The role of biophysical properties in defining the functional applications of alkyl esters of L-ascorbic acid.,2025/Jan/10,None,None,lfanani@unc.edu.ar.
39809126,Diketopiperazine/piperidine alkaloid as a potential broad-spectrum coronaviral entry inhibitor identified by supercomputer-based virtual screening from a large natural product-based library.,2025/Jan/13,"Shahhamzehei, Nasim; Abdelfatah, Sara; Omer, Ejlal A; Efferth, Thomas","Department of Pharmaceutical Biology, Institute of Pharmaceutical and Biomedical Sciences, Johannes Gutenberg University, Staudinger Weg 5, Mainz 55128, Germany.; Department of Pharmaceutical Biology, Institute of Pharmaceutical and Biomedical Sciences, Johannes Gutenberg University, Staudinger Weg 5, Mainz 55128, Germany.; Department of Pharmaceutical Biology, Institute of Pharmaceutical and Biomedical Sciences, Johannes Gutenberg University, Staudinger Weg 5, Mainz 55128, Germany.; Department of Pharmaceutical Biology, Institute of Pharmaceutical and Biomedical Sciences, Johannes Gutenberg University, Staudinger Weg 5, Mainz 55128, Germany. Electronic address: efferth@uni-mainz.de.",efferth@uni-mainz.de.
39809115,The current clinical practice and experiences in buccal midazolam prescribing in community for status epilepticus termination in the United Kingdom: The Rescue Epilepsy Medication and Training (REMIT) study.,2025/Jan/01,"Basset, Paul","Statsconsultancy Ltd, Bucks, United Kingdom.",Rohit.shankar@plymouth.ac.uk.
39809031,Schisandrol B alleviates depression-like behavior in mice by regulating bile acid homeostasis in the brain-liver-gut axis via the pregnane X receptor.,2024/Dec/26,"Wang, Peng; Ouyang, Hui; Bi, Guofang; Liang, Fengting; Hu, Shuang; Wu, Chenghua; Jiang, Xiaowen; Zhou, Wenhong; Li, Dan; Zhang, Shuaishuai; Yang, Xiao; Zhao, Mingliang; Fang, Jian-Hong; Wang, Haitao; Jia, Wei; Bi, Huichang","NMPA Key Laboratory for Research and Evaluation of Drug Metabolism & Guangdong Provincial Key Laboratory of New Drug Screening & Guangdong-Hongkong-Macao Joint Laboratory for New Drug Screening, School of Pharmaceutical Sciences, Southern Medical University, Guangzhou, China.; NMPA Key Laboratory for Research and Evaluation of Drug Metabolism & Guangdong Provincial Key Laboratory of New Drug Screening & Guangdong-Hongkong-Macao Joint Laboratory for New Drug Screening, School of Pharmaceutical Sciences, Southern Medical University, Guangzhou, China.; NMPA Key Laboratory for Research and Evaluation of Drug Metabolism & Guangdong Provincial Key Laboratory of New Drug Screening & Guangdong-Hongkong-Macao Joint Laboratory for New Drug Screening, School of Pharmaceutical Sciences, Southern Medical University, Guangzhou, China.; NMPA Key Laboratory for Research and Evaluation of Drug Metabolism & Guangdong Provincial Key Laboratory of New Drug Screening & Guangdong-Hongkong-Macao Joint Laboratory for New Drug Screening, School of Pharmaceutical Sciences, Southern Medical University, Guangzhou, China.; NMPA Key Laboratory for Research and Evaluation of Drug Metabolism & Guangdong Provincial Key Laboratory of New Drug Screening & Guangdong-Hongkong-Macao Joint Laboratory for New Drug Screening, School of Pharmaceutical Sciences, Southern Medical University, Guangzhou, China.; NMPA Key Laboratory for Research and Evaluation of Drug Metabolism & Guangdong Provincial Key Laboratory of New Drug Screening & Guangdong-Hongkong-Macao Joint Laboratory for New Drug Screening, School of Pharmaceutical Sciences, Southern Medical University, Guangzhou, China.; NMPA Key Laboratory for Research and Evaluation of Drug Metabolism & Guangdong Provincial Key Laboratory of New Drug Screening & Guangdong-Hongkong-Macao Joint Laboratory for New Drug Screening, School of Pharmaceutical Sciences, Southern Medical University, Guangzhou, China.; NMPA Key Laboratory for Research and Evaluation of Drug Metabolism & Guangdong Provincial Key Laboratory of New Drug Screening & Guangdong-Hongkong-Macao Joint Laboratory for New Drug Screening, School of Pharmaceutical Sciences, Southern Medical University, Guangzhou, China.; NMPA Key Laboratory for Research and Evaluation of Drug Metabolism & Guangdong Provincial Key Laboratory of New Drug Screening & Guangdong-Hongkong-Macao Joint Laboratory for New Drug Screening, School of Pharmaceutical Sciences, Southern Medical University, Guangzhou, China.; NMPA Key Laboratory for Research and Evaluation of Drug Metabolism & Guangdong Provincial Key Laboratory of New Drug Screening & Guangdong-Hongkong-Macao Joint Laboratory for New Drug Screening, School of Pharmaceutical Sciences, Southern Medical University, Guangzhou, China.; NMPA Key Laboratory for Research and Evaluation of Drug Metabolism & Guangdong Provincial Key Laboratory of New Drug Screening & Guangdong-Hongkong-Macao Joint Laboratory for New Drug Screening, School of Pharmaceutical Sciences, Southern Medical University, Guangzhou, China; The State Key Laboratory of Chemical Oncogenomics, School of Chemical Biology and Biotechnology, Shenzhen Graduate School of Peking University, Shenzhen, China.; Center for Translational Medicine and Shanghai Key Laboratory of Diabetes Mellitus, Shanghai Sixth People's Hospital Affiliated to Shanghai Jiao Tong University School of Medicine, Shanghai 200233, China.; NMPA Key Laboratory for Research and Evaluation of Drug Metabolism & Guangdong Provincial Key Laboratory of New Drug Screening & Guangdong-Hongkong-Macao Joint Laboratory for New Drug Screening, School of Pharmaceutical Sciences, Southern Medical University, Guangzhou, China.; NMPA Key Laboratory for Research and Evaluation of Drug Metabolism & Guangdong Provincial Key Laboratory of New Drug Screening & Guangdong-Hongkong-Macao Joint Laboratory for New Drug Screening, School of Pharmaceutical Sciences, Southern Medical University, Guangzhou, China.; Center for Translational Medicine and Shanghai Key Laboratory of Diabetes Mellitus, Shanghai Sixth People's Hospital Affiliated to Shanghai Jiao Tong University School of Medicine, Shanghai 200233, China; Department of Pharmacology and Pharmacy, University of Hong Kong, Hong Kong, China.; NMPA Key Laboratory for Research and Evaluation of Drug Metabolism & Guangdong Provincial Key Laboratory of New Drug Screening & Guangdong-Hongkong-Macao Joint Laboratory for New Drug Screening, School of Pharmaceutical Sciences, Southern Medical University, Guangzhou, China; The State Key Laboratory of Chemical Oncogenomics, School of Chemical Biology and Biotechnology, Shenzhen Graduate School of Peking University, Shenzhen, China. Electronic address: bihchang@smu.edu.cn.",bihchang@smu.edu.cn.
39809026,Alpha Atlas: Mapping global production of α-emitting radionuclides for targeted alpha therapy.,2024/Dec/20,"Tosato, Marianna; Kleynhans, Janke; Burgoyne, Andrew R; Asti, Mattia","Radiopharmaceutical Chemistry Laboratory (RACHEL), Nuclear Medicine Unit, AUSL-IRCCS Reggio Emilia, 42123 Reggio Emilia, Italy. Electronic address: marianna.tosato@ausl.re.it.; Radiopharmaceutical Research, Department of Pharmaceutical and Pharmacological Sciences, KU Leuven, 3000 Leuven, Belgium.; Oak Ridge National Laboratory, 1 Bethel Valley Road, Oak Ridge, TN 37830, United States.; Radiopharmaceutical Chemistry Laboratory (RACHEL), Nuclear Medicine Unit, AUSL-IRCCS Reggio Emilia, 42123 Reggio Emilia, Italy.",marianna.tosato@ausl.re.it.
39808974,"Discovery of a highly potent, selective, and stable d-amino acid-containing peptide inhibitor of CDK9/cyclin T1 interaction for the treatment of prostate cancer.",2025/Jan/06,"Geng, Yifei; Guan, Lixia; Niu, Miao-Miao","Department of Pharmaceutical Analysis, China Pharmaceutical University, Nanjing, 211198, China.; Department of Pharmaceutical Analysis, China Pharmaceutical University, Nanjing, 211198, China.; Department of Pharmaceutical Analysis, China Pharmaceutical University, Nanjing, 211198, China.",liangsudong2003@126.com.
39808924,Biocatalytic Hydrogenation of Biomass-Derived Furan Aldehydes to Alcohols.,2025/Jan/14,"Zhang, Zhi-Gang; Shen, Xi; Jiang, Shi-Kai; Lin, Jia-Chun; Yi, Yan; Ji, Xiao-Jun","School of Pharmaceutical Sciences, Nanjing Tech University, Nanjing 211800, China.; School of Pharmaceutical Sciences, Nanjing Tech University, Nanjing 211800, China.; School of Pharmaceutical Sciences, Nanjing Tech University, Nanjing 211800, China.; School of Pharmaceutical Sciences, Nanjing Tech University, Nanjing 211800, China.; School of Pharmaceutical Sciences, Nanjing Tech University, Nanjing 211800, China.; College of Biotechnology and Pharmaceutical Engineering, Nanjing Tech University, Nanjing 211800, China.",None
39808920,Cell viability assessment by using GelRed/SYTO 9-based double staining.,2025/Jan/14,None,None,None
39808906,Advanced applications of two-dimensional liquid chromatography in quantitative analysis of natural products.,2025/Jan/06,"Lu, Yang; Qin, Qiubing; Pan, Juan; Deng, Shuqi; Wang, Shengpeng; Li, Qiu; Cao, Jiliang","College of Pharmacy, Shenzhen Technology University, Shenzhen, China.; College of Pharmacy, Shenzhen Technology University, Shenzhen, China.; College of Pharmacy, Shenzhen Technology University, Shenzhen, China.; College of Pharmacy, Shenzhen Technology University, Shenzhen, China.; State Key Laboratory of Quality Research in Chinese Medicine, Institute of Chinese Medical Sciences, University of Macau, Macao, China.; College of Chemistry and Pharmaceutical Sciences & National Joint Local Engineering Laboratory of Agricultural Bio-Pharmaceutical Laboratory, Qingdao Agricultural University, Qingdao, China. Electronic address: qiuli@qau.edu.cn.; College of Pharmacy, Shenzhen Technology University, Shenzhen, China. Electronic address: caojiliang@sztu.edu.cn.",caojiliang@sztu.edu.cn.
39808749,Accelerating the Future of Oncology Drug Development: The Role of Consortia in the Delivery of Precision Oncology Early Phase Clinical Trials.,2025/Jan/14,"Tolcher, Anthony W; Zhang, Li; Zhao, Shen; Subbiah, Vivek","New Experimental Therapeutics (NEXT), San Antonio, TX.; Sun Yat-sen University Cancer Centre, State Key Laboratory of Oncology in South China, Collaborative Innovation Centre for Cancer Medicine, Guangdong Provincial Clinical Research Centre for Cancer, Guangzhou, China.; Sun Yat-sen University Cancer Centre, State Key Laboratory of Oncology in South China, Collaborative Innovation Centre for Cancer Medicine, Guangdong Provincial Clinical Research Centre for Cancer, Guangzhou, China.; Sarah Cannon Research Institute, Nashville, TN.",None
39808731,Design and Synthesis of Topoisomerases-Histone Deacetylase Dual Targeted Quinoline-Bridged Hydroxamates as Anticancer Agents.,2025/Jan/14,"Joshi, Gaurav; Yadav, Umesh Prasad; Rafiq, Zahid; Grewal, Preeti; Kumar, Manvendra; Singh, Tashvinder; Sharma, Praveen; Banerjee, Uttam C; Sharma, Nisha; Chatterjee, Joydeep; Tikoo, Kulbhushan; Singh, Sandeep; Kumar, Raj","Laboratory for Drug Design and Synthesis, Department of Pharmaceutical Sciences and Natural Products, School of Pharmaceutical Sciences, Central University of Punjab, Bathinda 151 401, India.; Laboratory of Molecular Medicine, Department of Human Genetics and Molecular Medicine, Central University of Punjab, Bathinda 151401, India.; Department of Pharmacology and Toxicology, National Institute of Pharmaceutical Education and Research, S.A.S. Nagar 160062, India.; Department of Pharmaceutical Technology (Biotechnology), National Institute of Pharmaceutical Education and Research, S.A.S. Nagar 160062, India.; Laboratory for Drug Design and Synthesis, Department of Pharmaceutical Sciences and Natural Products, School of Pharmaceutical Sciences, Central University of Punjab, Bathinda 151 401, India.; Laboratory of Molecular Medicine, Department of Human Genetics and Molecular Medicine, Central University of Punjab, Bathinda 151401, India.; Laboratory of Molecular Medicine, Department of Human Genetics and Molecular Medicine, Central University of Punjab, Bathinda 151401, India.; Department of Pharmaceutical Technology (Biotechnology), National Institute of Pharmaceutical Education and Research, S.A.S. Nagar 160062, India.; Department of Pharmacology and Toxicology, National Institute of Pharmaceutical Education and Research, S.A.S. Nagar 160062, India.; Laboratory for Drug Design and Synthesis, Department of Pharmaceutical Sciences and Natural Products, School of Pharmaceutical Sciences, Central University of Punjab, Bathinda 151 401, India.; Department of Pharmacology and Toxicology, National Institute of Pharmaceutical Education and Research, S.A.S. Nagar 160062, India.; Laboratory of Molecular Medicine, Department of Human Genetics and Molecular Medicine, Central University of Punjab, Bathinda 151401, India.; Laboratory for Drug Design and Synthesis, Department of Pharmaceutical Sciences and Natural Products, School of Pharmaceutical Sciences, Central University of Punjab, Bathinda 151 401, India.",None
39808706,"Design, Synthesis, and Pharmacological Evaluation of Nonsteroidal Tricyclic Ligands as Modulators of GABA",2025/Jan/14,"Xu, Yue; Mortensen, Martin; Liebowitz, Seth; Jensen, Nicoline N; Tian, Yongsong; Bavo, Francesco; Seidel, Thomas; Smart, Trevor G; Frølund, Bente","Department of Drug Design and Pharmacology, Faculty of Health and Medical Sciences, University of Copenhagen, Universitetsparken 2, Copenhagen DK-2100, Denmark.; Department of Neuroscience, Physiology & Pharmacology, University College London, Gower Street, London WC1E 6BT, U.K.; Department of Neuroscience, Physiology & Pharmacology, University College London, Gower Street, London WC1E 6BT, U.K.; Department of Drug Design and Pharmacology, Faculty of Health and Medical Sciences, University of Copenhagen, Universitetsparken 2, Copenhagen DK-2100, Denmark.; Department of Drug Design and Pharmacology, Faculty of Health and Medical Sciences, University of Copenhagen, Universitetsparken 2, Copenhagen DK-2100, Denmark.; Department of Drug Design and Pharmacology, Faculty of Health and Medical Sciences, University of Copenhagen, Universitetsparken 2, Copenhagen DK-2100, Denmark.; Department of Pharmaceutical Sciences, Division of Pharmaceutical Chemistry, University of Vienna, Vienna 1090, Austria.; Department of Neuroscience, Physiology & Pharmacology, University College London, Gower Street, London WC1E 6BT, U.K.; Department of Drug Design and Pharmacology, Faculty of Health and Medical Sciences, University of Copenhagen, Universitetsparken 2, Copenhagen DK-2100, Denmark.",None
39808668,Identifying depression subtypes and investigating their consistency and transitions in a 1-year cohort analysis.,2025,None,None,None
39808649,"Fracture-healing effects of Rhizoma Musae ethanolic extract: An integrated study using UHPLC-Q-Exactive-MS/MS, network pharmacology, and molecular docking.",2025,"Shen, Wanyan; He, Hehe","Research and Development Department, Guizhou Weikang Zifan Pharmaceutical Co., Ltd., Guiyang, China.; Research and Development Department, Guizhou Weikang Zifan Pharmaceutical Co., Ltd., Guiyang, China.",None
39808648,Acceptability of a dapivirine levonorgestrel vaginal ring in two Phase 1 trials (MTN-030/IPM 041 and MTN-044/IPM 053/CCN019): Implications for multipurpose prevention technology development.,2025,"Jacobson, Cindy; Hendrix, Craig W","Department of Pharmaceutical Sciences, School of Pharmacy, University of Pittsburgh, Pittsburgh, Pennsylvania, United States of America.; Division of Clinical Pharmacology, Department of Medicine, Johns Hopkins University School of Medicine, Baltimore, Maryland, United States of America.",None
39808608,Epidemiological trends and healthcare disparities in onychomycosis: An analysis of the All of Us research program.,2025,"Economopoulos, Vasiliki; Wang, Tong","Mediprobe Research Inc., London, Ontario, Canada.; Mediprobe Research Inc., London, Ontario, Canada.",None
39808410,"Mycotoxin exposure through the consumption of processed cereal food for children (< 5 years old) from rural households of Oshana, a region of Namibia.",2025/Jan/14,"Ishola, Anthony; Tjiurutue, Muvari","Department of Pharmaceutical Sciences, School of Pharmacy, Faculty of Health Sciences and Veterinary Medicine, University of Namibia, Windhoek, Namibia.; Department of Biochemistry, Microbiology and Biotechnology, School of Science, University of Namibia, Windhoek, Namibia.",maangula@unam.na.
39808408,Buparlisib and Paclitaxel in Patients with Head and Neck Squamous Cell Carcinoma: Immunogenomic Biomarkers of Efficacy from the BERIL-1 Study.,2025/Jan/14,None,None,antoine.desilets@umontreal.ca.
39808388,Differentially Expressed Nedd4-binding Protein Ndfip1 Protects Neurons Against Methamphetamine-induced Neurotoxicity.,2025/Jan/14,"Asanuma, Masato; Miyazaki, Ikuko","Department of Medical Neurobiology, Okayama University Graduate School of Medicine, Dentistry and Pharmaceutical Sciences, 2-5-1 Shikata-cho, Kita-ku, Okayama, 700-8558, Japan. asachan@cc.okayama-u.ac.jp.; Department of Medical Neurobiology, Okayama University Graduate School of Medicine, Dentistry and Pharmaceutical Sciences, 2-5-1 Shikata-cho, Kita-ku, Okayama, 700-8558, Japan.",asachan@cc.okayama-u.ac.jp.
39808387,The effects of bone marrow humoral components of B-cell acute lymphoblastic leukemia patients on natural killer cell suppression.,2025/Jan/14,None,None,gdeniz@istanbul.edu.tr.
39808386,Exploring the neuroprotective benefits of phytochemicals extracted from indigenous edible fruits in Bangladesh.,2025/Jan/14,"Roy, Sumon; Roy, Sajib Chandra; Zehravi, Mehrukh; Sweilam, Sherouk Hussein; Das, Rajib; Palanisamy, Mylsamy; Elumalai, Selvaraja; Gupta, Jeetendra Kumar; Asiri, Mohammed; Ahmad, Irfan; Emran, Talha Bin","Department of Pharmacy, Faculty of Pharmacy, University of Dhaka, Dhaka, Bangladesh.; Department of Pharmacy, Faculty of Pharmacy, University of Dhaka, Dhaka, Bangladesh.; Department of Clinical Pharmacy, College of Dentistry & Pharmacy, Buraydah Private Colleges, Buraydah, Saudi Arabia.; Department of Pharmacognosy, College of Pharmacy, Prince Sattam Bin Abdulaziz University, Al-Kharj, Saudi Arabia.; Department of Pharmacy, Faculty of Pharmacy, University of Dhaka, Dhaka, Bangladesh.; Boehringer Ingelheim Pharmaceuticals Inc., Powell, Ohio, USA.; Granules Pharmaceuticals Inc., Chantilly, Virginia, USA.; Institute of Pharmaceutical Research, GLA University, Mathura, Uttar Pradesh, India.; Department of Clinical Laboratory Sciences, College of Applied Medical Science, King Khalid University, Abha, Saudi Arabia.; Department of Clinical Laboratory Sciences, College of Applied Medical Science, King Khalid University, Abha, Saudi Arabia.; Department of Pharmacy, Faculty of Health and Life Sciences, Daffodil International University, Dhaka 1207, Bangladesh.",None
39808382,Novel Protective Role for Gut Microbiota-derived Metabolite PAGln in Doxorubicin-induced Cardiotoxicity.,2025/Jan/14,"Huang, Jie; Hou, Xingyuan; Zhou, Ni; Wei, Shanshan; Yang, Yuanying; Sun, Taoli; Li, Guangdi; Li, Wenqun; Zhang, Bikui","Department of Pharmacy, The Second Xiangya Hospital, Central South University, Changsha, 410011, Hunan, China.; Department of Pharmacy, The Second Xiangya Hospital, Central South University, Changsha, 410011, Hunan, China.; Department of Pharmacy, The Second Xiangya Hospital, Central South University, Changsha, 410011, Hunan, China.; Department of Pharmacy, The Second Xiangya Hospital, Central South University, Changsha, 410011, Hunan, China.; Department of Pharmacy, The Second Xiangya Hospital, Central South University, Changsha, 410011, Hunan, China.; School of Pharmacy, Hunan University of Chinese Medicine, Changsha, 410208, Hunan, China.; Hunan Provincial Key Laboratory of Clinical Epidemiology, Xiangya School of Public Health, Central South University, Changsha, 410013, Hunan, China.; Department of Pharmacy, The Second Xiangya Hospital, Central South University, Changsha, 410011, Hunan, China. liwq1204@csu.edu.cn.; Department of Pharmacy, The Second Xiangya Hospital, Central South University, Changsha, 410011, Hunan, China. 505995@csu.edu.cn.",505995@csu.edu.cn.
39808364,Standard: Human gastric organoids.,2025/Jan/14,"Hong, Fan; Tan, Ronghui; Wang, Ting; Zhong, Nanshan; Xu, Rui-Hua; Shen, Lin; Liu, Yingbin; Yao, Xuebiao; Xiang, Dongxi; Zhao, Bing; Hu, Shijun; Zeng, Zhao-Lei; Chen, Chong; Wu, Jianmin; Song, Chen; Yang, Yingying; Niu, Gengming; Wang, Yalong; Chen, Ye-Guang","Guangzhou National Laboratory, Guangzhou, 510005, China.; Guangzhou National Laboratory, Guangzhou, 510005, China.; The State Key Laboratory of Membrane Biology, Tsinghua‑Peking Center for Life Sciences, School of Life Sciences, Tsinghua University, Beijing, 100084, China.; The MOE Basic Research and Innovation Center for the Targeted Therapeutics of Solid Tumors, School of Basic Medical Sciences, Jiangxi Medical College, Nanchang University, Nanchang, 330031, China.; State Key Laboratory of Oncology in South China, Collaborative Innovation Center for Cancer Medicine, Sun Yat-Sen University Cancer Center, Guangzhou, 510060, China.; State Key Laboratory of Holistic Integrative Management of Gastrointestinal Cancers, Beijing Key Laboratory of Carcinogenesis and Translational Research, Department of Gastrointestinal Oncology, Peking University Cancer Hospital and Institute, Beijing, 100142, China.; State Key Laboratory of Systems Medicine for Cancer, Shanghai Cancer Institute, Shanghai Jiaotong University School of Medicine, Shanghai, 200232, China.; MOE Key Laboratory of Cellular Dynamics, CAS Center for Excellence in Molecular Cell Science, University of Science and Technology of China, Hefei, 230027, China.; State Key Laboratory of Systems Medicine for Cancer, Shanghai Cancer Institute, Shanghai Jiaotong University School of Medicine, Shanghai, 200232, China.; The MOE Basic Research and Innovation Center for the Targeted Therapeutics of Solid Tumors, School of Basic Medical Sciences, Jiangxi Medical College, Nanchang University, Nanchang, 330031, China.; Department of Cardiovascular Surgery of the First Affiliated Hospital & Institute for Cardiovascular Science, Collaborative Innovation Center of Hematology, State Key Laboratory of Radiation Medicine and Protection, Suzhou Medical College, Soochow University, Suzhou, 510080, China.; State Key Laboratory of Oncology in South China, Collaborative Innovation Center for Cancer Medicine, Sun Yat-Sen University Cancer Center, Guangzhou, 510060, China.; Gastric Cancer Center and Laboratory of Gastric Cancer, State Key Laboratory of Biotherapy, West China Hospital, Sichuan University, Chengdu, 610041, Sichuan, China.; Key Laboratory of Carcinogenesis and Translational Research (Ministry of Education), Center for Cancer Bioinformatics, Peking University Cancer Hospital and Institute, Beijing, 100142, China.; Huayi Regeneration Technology Co., Ltd, Chengdu, 611135, China.; Qilu Pharmaceutical Co., Ltd, Jinan, 250104, China.; Shang Hai OneTar Biomedicine Co., Ltd, Shanghai, 201203, China.; Guangzhou National Laboratory, Guangzhou, 510005, China. wangyl16@tsinghua.org.cn.; Guangzhou National Laboratory, Guangzhou, 510005, China. ygchen@tsinghua.edu.cn.",ygchen@tsinghua.edu.cn.
39808258,Comprehensive screening and analysis of pharmaceuticals and pharmaceutically active chemicals in wastewater: health and environmental hazards and removal efficiency of wastewater treatment plant in Malaysia.,2025/Jan/14,None,None,binaya.s@imail.sunway.edu.my.
39808254,"JSH practical guidelines for hematological malignancies, 2023: leukemia-6. Myelodysplastic syndromes (MDS).",2025/Jan/14,None,None,y-miyaza@nagasaki-u.ac.jp.
39808238,Connecting dots: Preclinical foundations to clinical realities of PDE4 inhibitors in Alzheimer's disease.,2025/Jan/14,"Kumari, Shilpa; Bagri, Kajal; Deshmukh, Rahul","Department of Pharmaceutical Sciences and Technology, Maharaja Ranjit Singh Punjab Technical University, Bathinda, 151001, Punjab, India.; Department of Pharmaceutical Sciences and Technology, Maharaja Ranjit Singh Punjab Technical University, Bathinda, 151001, Punjab, India.; Department of Pharmacology, Central University of Punjab, Bathinda, 151001, Punjab, India. drrahuld09@gmail.com.",drrahuld09@gmail.com.
